Country Name,Country Code,Indicator Name,Indicator Code,1960,1961,1962,1963,1964,1965,1966,1967,1968,1969,1970,1971,1972,1973,1974,1975,1976,1977,1978,1979,1980,1981,1982,1983,1984,1985,1986,1987,1988,1989,1990,1991,1992,1993,1994,1995,1996,1997,1998,1999,2000,2001,2002,2003,2004,2005,2006,2007,2008,2009,2010,2011,2012,2013,2014,2015,2016,2017,2018,2019,2020
Aruba,ABW,"GNI per capita, Atlas method (current US$)",NY.GNP.PCAP.CD,,,,,,,,,,,,,,,,,,,,,,,,,,,,,10360,11760,12230,13190,13990,14620,15640,16230,16370,17220,17620,17880,20000,19170,17890,20070,22630,19200,23340,21680,25510,23770,22380,22450,23520,24510,25350,26560,26840,27120,,,
Africa Eastern and Southern,AFE,"GNI per capita, Atlas method (current US$)",NY.GNP.PCAP.CD,,,,,,,,,,,,,,,,,,,,,,,,569.628833,541.4087411,487.4207733,493.2945788,562.1984038,635.3286201,658.4140105,639.7971724,663.5929969,664.9690212,666.0619123,662.7613437,691.023546,700.4889915,703.4047827,650.4928212,630.7724807,626.2347458,599.6707584,584.4764148,626.974639,760.0835311,946.6296656,1062.69292,1169.536434,1256.655429,1288.967333,1372.765064,1487.443144,1609.263764,1644.437568,1635.094109,1540.945624,1440.751854,1413.726151,1461.127309,1493.242491,1368.425717
Afghanistan,AFG,"GNI per capita, Atlas method (current US$)",NY.GNP.PCAP.CD,,,,,,,,,,,,,,,,,,,,,,,,,,,,,,,,,,,,,,,,,,,,,,,,,,450,510,530,630,660,630,600,550,530,520,530,500
Africa Western and Central,AFW,"GNI per capita, Atlas method (current US$)",NY.GNP.PCAP.CD,,,113.6857818,122.1547938,128.2138181,133.1583809,136.0796727,128.7962393,130.4206694,143.0375358,170.4692389,179.0074705,192.9124499,216.3005307,300.8453703,358.2240739,422.6498363,455.2430638,478.7489463,558.9297349,646.038123,762.9669529,876.4970772,925.2097868,757.9290965,685.7844731,623.0374376,614.8715198,630.1594573,563.5811021,556.0796956,541.6294114,552.7207823,470.0617471,413.4203061,404.0487248,435.0601229,468.2409785,461.1393112,462.9298424,453.4723425,477.847269,522.3490865,583.6460596,710.060559,839.5918277,1027.109089,1194.590498,1439.132696,1506.790108,1563.742188,1598.979106,1769.950384,1927.136758,2063.233058,1980.286934,1765.504965,1607.270345,1607.913553,1665.502191,1646.334568
Angola,AGO,"GNI per capita, Atlas method (current US$)",NY.GNP.PCAP.CD,,,,,,,,,,,,,,,,,,,,,,,,,,590,680,670,650,860,780,1380,1170,,330,440,320,450,410,330,360,390,590,710,1010,1370,1810,2460,3030,3170,3230,3410,4170,4780,5010,4520,3770,3450,3210,2970,2230
Albania,ALB,"GNI per capita, Atlas method (current US$)",NY.GNP.PCAP.CD,,,,,,,,,,,,,,,,,,,,,,,,,,,700,730,730,760,650,410,280,320,380,640,890,800,860,950,1100,1280,1370,1650,2100,2620,3050,3460,4030,4280,4360,4410,4360,4540,4540,4390,4320,4290,4860,5220,5210
Andorra,AND,"GNI per capita, Atlas method (current US$)",NY.GNP.PCAP.CD,,,,,,,,,,,,,,,,,,,,,,,,,,,,,,,,,,,,,,,,,,,,,,,,,,,,,,,,,,,,,
Arab World,ARB,"GNI per capita, Atlas method (current US$)",NY.GNP.PCAP.CD,,,,,,,,,,,,,,,,,,,,,,,2717.485823,2387.885689,2346.988345,2320.457556,2451.794441,2503.696465,2534.542125,2392.474778,2713.656868,2005.598675,2054.564498,1966.551908,1951.620351,1993.461636,2105.464657,2202.004312,2220.811621,2233.292595,2379.992597,2476.168467,2425.372938,2571.318217,2985.137682,3406.16523,3927.613615,4512.884179,5303.335264,5372.370782,5648.847964,5896.062445,6804.102649,7293.211145,7331.542526,6839.882297,6383.878913,5910.802903,6110.436813,6328.473228,5932.816107
United Arab Emirates,ARE,"GNI per capita, Atlas method (current US$)",NY.GNP.PCAP.CD,,,,,,,,,,,,,,,,,,,,,,,,,,,,,,,,,,,,,,,,,31400,31970,30940,32780,36160,37500,39380,39590,39910,35000,33400,35030,39220,42840,44330,42860,40570,39290,41470,43470,
Argentina,ARG,"GNI per capita, Atlas method (current US$)",NY.GNP.PCAP.CD,,,,,1120,1230,1350,1240,1210,1300,1320,1470,1470,1820,2470,2720,2360,2220,2190,2630,2910,2820,2670,2870,2830,2700,3020,3590,3960,2930,3190,3860,6070,7120,7620,7360,7740,8150,8030,7580,7470,7000,4040,3650,3370,4260,5480,6510,7670,7790,9270,10710,11870,12840,12330,12570,12220,13140,12370,11130,8930
Armenia,ARM,"GNI per capita, Atlas method (current US$)",NY.GNP.PCAP.CD,,,,,,,,,,,,,,,,,,,,,,,,,,,,,,,,,310,360,400,470,520,560,590,610,660,710,800,960,1180,1540,2020,2760,3600,3340,3470,3530,3880,4110,4140,4010,3760,3950,4250,4680,4220
American Samoa,ASM,"GNI per capita, Atlas method (current US$)",NY.GNP.PCAP.CD,,,,,,,,,,,,,,,,,,,,,,,,,,,,,,,,,,,,,,,,,,,,,,,,,,,,,,,,,,,,,
Antigua and Barbuda,ATG,"GNI per capita, Atlas method (current US$)",NY.GNP.PCAP.CD,,,,,,,,,,,,,,,,,,,,1740,2180,2430,2470,2690,3170,3610,3970,4880,6040,6450,6820,7230,7470,7960,8450,8140,8700,9080,9270,9610,10100,9850,9660,10530,11450,12420,13810,15090,15250,13600,12690,12370,12780,12620,12760,12850,13580,14320,15880,16160,14250
Australia,AUS,"GNI per capita, Atlas method (current US$)",NY.GNP.PCAP.CD,,,1870,1970,2100,2270,2340,2530,2730,2970,3270,3470,3880,4640,5940,7210,7850,8070,8460,9580,10810,11850,12060,11570,12010,11990,12290,12530,14100,15560,17300,18190,18500,18860,18830,19250,20440,21900,21740,21430,21120,20110,19990,21120,25480,30310,34090,37300,42330,44050,46630,50320,60210,66020,65150,60500,54140,51560,53190,55100,53730
Austria,AUT,"GNI per capita, Atlas method (current US$)",NY.GNP.PCAP.CD,,,1060,1140,1240,1340,1470,1560,1680,1850,2070,2320,2760,3580,4650,5540,5980,6660,7540,9620,11460,11180,10380,9600,9270,9360,10820,13810,18070,19300,20630,21810,24520,24870,26140,28190,30090,29560,27970,27080,26790,25290,24970,28020,33750,38720,41460,44510,49110,49000,49610,50590,50060,50700,50370,47450,46200,45030,49030,51390,48020
Azerbaijan,AZE,"GNI per capita, Atlas method (current US$)",NY.GNP.PCAP.CD,,,,,,,,,,,,,,,,,,,,,,,,,,,,,,,,,,,80,180,240,410,510,570,610,650,710,810,940,1270,1900,2710,3870,4790,5370,5460,6410,7410,7690,6570,4760,4090,4060,4490,4450
Burundi,BDI,"GNI per capita, Atlas method (current US$)",NY.GNP.PCAP.CD,,,70,80,80,70,60,50,50,50,70,70,70,80,100,110,120,140,150,180,220,250,240,230,220,240,250,260,250,230,220,220,210,180,160,150,140,150,150,140,130,130,130,120,120,140,150,170,190,200,220,230,250,260,260,260,270,280,280,280,270
Belgium,BEL,"GNI per capita, Atlas method (current US$)",NY.GNP.PCAP.CD,,,1450,1530,1670,1800,1950,2100,2270,2510,2790,3080,3640,4690,6000,6910,7580,8220,9560,11730,13980,13190,11180,9430,8860,8820,10170,13090,17010,18030,19310,20580,23170,23410,25090,27070,28550,28450,26530,25980,25860,24430,24000,27030,32810,37730,39900,42700,46470,46840,46950,46400,47100,47880,47800,45540,43360,42460,46060,47960,45180
Benin,BEN,"GNI per capita, Atlas method (current US$)",NY.GNP.PCAP.CD,,,90,100,110,110,110,120,120,120,120,120,130,160,190,200,210,230,250,310,390,410,360,290,270,260,270,310,360,340,370,380,370,380,330,360,350,380,370,410,480,530,530,600,730,820,860,920,1030,1090,1080,1090,1120,1220,1270,1180,1110,1090,1200,1250,1280
Burkina Faso,BFA,"GNI per capita, Atlas method (current US$)",NY.GNP.PCAP.CD,,,80,80,80,80,80,90,90,90,90,90,90,110,140,160,170,170,200,250,300,300,280,240,210,210,240,270,330,330,330,360,370,360,280,250,250,250,250,270,270,280,270,320,390,460,490,510,570,610,650,680,730,770,760,700,680,670,750,780,790
Bangladesh,BGD,"GNI per capita, Atlas method (current US$)",NY.GNP.PCAP.CD,,,,,,,,,,,,,,120,160,210,200,170,170,190,230,260,250,230,220,230,250,280,290,300,320,320,330,320,320,340,370,400,420,420,440,440,440,460,510,550,570,610,660,730,800,890,970,1040,1110,1220,1370,1520,1750,1940,2010
Bulgaria,BGR,"GNI per capita, Atlas method (current US$)",NY.GNP.PCAP.CD,,,,,,,,,,,,,,,,,,,,,,,2360,2090,2010,1950,2190,2720,3110,2830,2250,1620,1430,1250,1240,1520,1590,1460,1440,1480,1660,1770,1970,2370,3060,3800,4300,4810,6070,6670,6940,7220,7440,7590,7740,7450,7430,7640,8560,9570,9540
Bahrain,BHR,"GNI per capita, Atlas method (current US$)",NY.GNP.PCAP.CD,,,,,,,,,,,,,,,,,,,,,,,8520,9150,9310,7900,7230,7700,7800,7660,9070,9800,9890,10030,9680,10380,10790,10310,10070,9870,10940,11500,12060,12940,14570,16550,17890,19660,20860,18830,18970,18160,22010,23790,24070,22580,21570,21250,21910,22170,
"Bahamas, The",BHS,"GNI per capita, Atlas method (current US$)",NY.GNP.PCAP.CD,,,1550,1650,1760,1900,2040,2230,2450,2760,2920,3110,3190,3740,3840,4640,3120,3360,3720,5200,6050,5790,6360,6640,7700,8510,9400,10800,11710,12440,11870,11330,11550,11310,11600,14260,15930,15180,16810,24150,26360,26560,27190,27770,29270,30570,30760,31090,30960,29010,28370,28030,29020,28440,28000,28400,29210,30900,31990,33460,27780
Bosnia and Herzegovina,BIH,"GNI per capita, Atlas method (current US$)",NY.GNP.PCAP.CD,,,,,,,,,,,,,,,,,,,,,,,,,,,,,,,,,,,,,760,1010,1330,1400,1490,1600,1770,2040,2590,3180,3510,3920,4730,4970,4960,5010,4990,5270,5300,5210,5130,5120,5750,6180,6090
Belarus,BLR,"GNI per capita, Atlas method (current US$)",NY.GNP.PCAP.CD,,,,,,,,,,,,,,,,,,,,,,,,,,,,,,,,,6230,,5190,2180,1510,1520,1550,1410,1380,1300,1380,1630,2170,2810,3520,4310,5500,5700,6150,6260,6610,7010,7590,6710,5620,5300,5700,6370,6330
Belize,BLZ,"GNI per capita, Atlas method (current US$)",NY.GNP.PCAP.CD,,,330,340,350,370,390,420,420,420,420,450,520,600,730,840,800,850,930,1120,1420,1430,1290,1150,1160,1200,1350,1610,1870,2080,2260,2420,2680,2790,2780,2860,2880,2890,2780,2880,3150,3130,3200,3420,3560,3620,3740,3670,3880,4050,3880,4050,4100,4180,4260,4400,4340,4420,4550,4700,3970
Bermuda,BMU,"GNI per capita, Atlas method (current US$)",NY.GNP.PCAP.CD,,,,,,,,,,,,,,,,,,,,,,,,,,,,,,,,,,,,,,,,,,,,,,,,,,,103480,101610,100100,101760,99920,101120,103620,112940,117000,117740,
Bolivia,BOL,"GNI per capita, Atlas method (current US$)",NY.GNP.PCAP.CD,,,,,,,,,,,,,,,,,550,580,650,760,820,900,860,840,850,840,740,720,710,720,720,740,770,790,810,850,900,950,990,980,980,950,920,910,950,1020,1110,1220,1480,1620,1780,2000,2250,2590,2830,2960,3040,3090,3370,3520,3200
Brazil,BRA,"GNI per capita, Atlas method (current US$)",NY.GNP.PCAP.CD,,,,,,,280,310,370,410,450,510,590,760,980,1180,1360,1490,1680,1970,2200,2090,2010,1730,1630,1580,1800,2050,2260,2760,2730,3280,3170,3090,3030,3760,4460,5020,4840,4120,3930,3350,3090,2980,3340,4000,4850,6190,7620,8320,9650,11080,12310,12790,12120,10190,8920,8700,9170,9270,7850
Barbados,BRB,"GNI per capita, Atlas method (current US$)",NY.GNP.PCAP.CD,,,,,,,,,,,,,,,,,,,,,,,,,,,5910,6690,7430,7860,7600,7570,7460,7690,8010,8340,8700,9050,9420,9820,10780,10630,10650,11300,12290,13240,14220,15530,16180,15730,15540,15050,15720,15660,15630,15740,15920,16070,16700,17380,14460
Brunei Darussalam,BRN,"GNI per capita, Atlas method (current US$)",NY.GNP.PCAP.CD,,,,,,,,,,,,,,,,,,,,,,,,,,,,,,12090,12460,13580,15160,15030,15090,15680,16210,16220,14420,14040,14680,16070,17140,17800,19990,23090,27580,30930,34150,32460,33300,35520,42370,45320,43090,38850,33170,29800,29390,32230,
Bhutan,BTN,"GNI per capita, Atlas method (current US$)",NY.GNP.PCAP.CD,,,,,,,,,,,,,,,,,,,,,,,270,250,280,280,330,470,520,550,560,480,450,420,450,460,510,550,530,560,700,750,810,910,1030,1200,1330,1640,1770,1860,2040,2240,2390,2410,2460,2520,2650,2800,2970,3140,2860
Botswana,BWA,"GNI per capita, Atlas method (current US$)",NY.GNP.PCAP.CD,,,80,80,90,90,100,100,120,140,160,200,260,350,440,520,540,580,690,890,1110,1340,1290,1170,1090,1070,1150,1340,1980,2320,2720,3070,3270,3330,2960,3260,3180,3330,3210,3150,3170,3260,2930,3370,3920,4930,5440,5730,5740,5330,5610,6610,7250,7570,7520,6840,6560,6690,7340,7660,6640
Central African Republic,CAF,"GNI per capita, Atlas method (current US$)",NY.GNP.PCAP.CD,,,80,80,80,90,90,100,100,110,110,110,120,140,170,190,210,240,280,310,360,350,340,270,270,290,340,420,490,490,480,480,470,450,370,350,300,300,280,280,260,260,250,260,300,340,350,380,420,480,510,530,570,380,390,400,410,440,490,520,510
Canada,CAN,"GNI per capita, Atlas method (current US$)",NY.GNP.PCAP.CD,,,,,,,,,,,,,,,,,,,,,,,,,,,,,,,,,,,,,,,,21210,22620,23030,23610,25860,29900,34810,38510,43090,45650,43230,44490,47190,51080,52800,52200,47590,43890,42900,44950,46460,43530
Central Europe and the Baltics,CEB,"GNI per capita, Atlas method (current US$)",NY.GNP.PCAP.CD,,,,,,,,,,,,,,,,,,,,,,,,,,,,,,,,,2239.278503,2441.13521,2716.982774,3173.142169,3625.626812,3823.593785,3864.041848,3909.53824,4086.879163,4167.243583,4426.426311,5184.934987,6375.705566,7734.889517,8864.900342,10303.38846,12400.90779,12756.99943,12802.16595,12934.72742,13076.84303,13425.24578,13563.82167,13249.19602,12858.50765,13078.58926,14652.80772,15906.38702,15754.45138
Switzerland,CHE,"GNI per capita, Atlas method (current US$)",NY.GNP.PCAP.CD,,,,,,,,,,,,,,,,,,,,,,,,,,,,,,,,,,,,46740,49730,49340,46200,44280,44680,42110,40760,46780,55200,63080,65590,64480,65260,72470,79850,82280,87770,91700,89400,88750,85190,81520,85010,87960,84310
Channel Islands,CHI,"GNI per capita, Atlas method (current US$)",NY.GNP.PCAP.CD,,,,,,,,,,,,,,,,,,,,,,,,,,,,,,,,,,,,,,,,,42510,41460,40720,43340,50340,56280,60750,66220,,,,,,,,,,,,,
Chile,CHL,"GNI per capita, Atlas method (current US$)",NY.GNP.PCAP.CD,,,580,630,670,670,750,760,780,830,880,1060,1150,1360,1650,1150,1010,1060,1360,1790,2300,2780,2280,1820,1590,1430,1470,1660,1930,2200,2350,2600,3120,3440,3730,4420,5070,5590,5490,5120,5060,4800,4540,4510,5190,6210,7340,8690,10050,9950,10750,12340,14350,15160,14940,14130,13370,13270,14550,14990,13470
China,CHN,"GNI per capita, Atlas method (current US$)",NY.GNP.PCAP.CD,,,70,80,90,100,110,100,90,110,120,130,130,160,180,200,190,190,200,210,220,220,220,220,250,290,310,320,330,320,330,350,390,420,470,540,650,750,800,860,940,1010,1110,1280,1510,1760,2060,2510,3100,3680,4340,5050,5930,6770,7510,7940,8270,8740,9600,10390,10610
Cote d'Ivoire,CIV,"GNI per capita, Atlas method (current US$)",NY.GNP.PCAP.CD,,,160,180,220,210,230,240,270,280,300,300,320,380,480,600,680,780,950,1130,1160,1130,960,720,660,640,730,810,910,830,780,760,780,750,680,700,720,760,760,730,650,590,570,620,770,930,930,970,1070,1160,1190,1130,1230,1330,1450,1660,1840,2030,2180,2290,2280
Cameroon,CMR,"GNI per capita, Atlas method (current US$)",NY.GNP.PCAP.CD,,,,,,,,110,130,160,160,170,190,220,280,360,340,340,520,640,640,800,780,700,720,780,950,1110,1180,1080,970,900,930,920,800,770,690,710,690,680,660,630,630,730,910,1010,1060,1110,1240,1320,1330,1350,1370,1430,1490,1440,1380,1340,1450,1500,1500
"Congo, Dem. Rep.",COD,"GNI per capita, Atlas method (current US$)",NY.GNP.PCAP.CD,,,,,,,,,,,,,,,,,,,,,,,,,,,,,,,,,,,160,150,130,120,120,110,130,140,190,170,190,200,230,260,290,300,320,340,380,410,440,460,470,460,500,530,550
"Congo, Rep.",COG,"GNI per capita, Atlas method (current US$)",NY.GNP.PCAP.CD,,,150,150,160,170,180,190,200,220,220,230,270,340,420,500,480,450,490,610,830,1090,1220,1080,1060,990,980,1050,930,940,930,960,1060,910,760,480,470,590,580,490,570,630,670,700,770,1120,1600,1700,2140,2480,2750,2710,3500,3740,3990,3090,2210,1700,1790,1810,1830
Colombia,COL,"GNI per capita, Atlas method (current US$)",NY.GNP.PCAP.CD,,,280,280,310,310,320,300,300,320,330,360,390,460,550,590,620,690,850,1060,1250,1350,1330,1280,1280,1210,1220,1240,1300,1250,1330,1380,1560,1740,2050,2350,2540,2660,2570,2330,2340,2330,2370,2370,2620,3000,3500,4130,4710,5130,5620,6310,7290,7950,8200,7330,6460,5930,6260,6580,5780
Comoros,COM,"GNI per capita, Atlas method (current US$)",NY.GNP.PCAP.CD,,,,,,,,,,,,,,,,,,,,,,,660,590,550,550,620,780,960,930,980,950,1100,1080,870,850,780,790,730,700,730,700,680,790,950,1090,1130,1170,1290,1370,1380,1410,1420,1490,1490,1380,1320,1280,1380,1400,1450
Cabo Verde,CPV,"GNI per capita, Atlas method (current US$)",NY.GNP.PCAP.CD,,,,,,,,,,,,,,,,,,,,,,,510,470,450,450,510,650,840,900,900,910,1040,1190,1300,1410,1350,1350,1330,1370,1410,1350,1300,1520,1900,2160,2300,2820,3300,3480,3400,3510,3440,3490,3360,3210,3130,3080,3400,3630,3060
Costa Rica,CRI,"GNI per capita, Atlas method (current US$)",NY.GNP.PCAP.CD,,,360,350,350,370,390,410,440,470,520,570,630,760,880,970,1050,1250,1480,1740,1950,1420,1020,940,1110,1240,1440,1600,1650,1660,1750,1950,2350,2740,2980,3180,3240,3350,3400,3460,3570,3670,3770,4030,4380,4640,5060,5680,6410,6540,7260,8090,9280,9930,10350,10700,11100,11500,11930,12070,11460
Caribbean small states,CSS,"GNI per capita, Atlas method (current US$)",NY.GNP.PCAP.CD,,,480.1334256,520.0230545,564.098913,607.3298991,609.6216756,644.4882684,671.6927559,702.9573678,754.9358957,798.2053425,947.5763751,1050.801675,1240.557324,1570.196075,1596.123362,1719.483473,1887.031148,2064.510914,2384.320831,2651.685137,2820.76003,2679.344239,2633.18387,2592.954116,2515.318434,2578.240557,2792.431173,2831.515183,2826.294919,2821.472638,2918.545731,2966.886532,3004.064452,3367.714297,3666.17354,3832.517837,4026.498105,4537.97734,4872.035034,4988.221911,5191.961963,5659.257351,6289.95019,6845.148915,7585.716267,8297.038578,9201.638603,8842.094719,8956.432903,8807.155672,9505.545233,9923.545687,9860.889281,9838.14635,9365.879027,9345.098653,9647.735201,10059.22497,8943.603065
Cuba,CUB,"GNI per capita, Atlas method (current US$)",NY.GNP.PCAP.CD,,,,,,,,,,,,,850,1040,1240,1500,1550,1600,1790,1990,2140,2430,2340,2180,2310,2310,2390,2490,2780,2750,2650,2340,2130,1870,2140,2550,2710,2500,2240,2400,2620,2760,2820,3100,3490,3960,4530,5000,5460,5520,5610,5930,6280,6640,6840,7230,7480,,,,
Curacao,CUW,"GNI per capita, Atlas method (current US$)",NY.GNP.PCAP.CD,,,,,,,,,,,,,,,,,,,,,,,,,,,,,,,,,,,,,,,,,,,,,,,,,,,,,,19930,19820,19620,19100,19100,20100,20370,
Cayman Islands,CYM,"GNI per capita, Atlas method (current US$)",NY.GNP.PCAP.CD,,,,,,,,,,,,,,,,,,,,,,,,,,,,,,,,,,,,,,,,,,,,,,,,,,,70220,71050,49570,44030,42930,44380,45880,52840,59380,68200,
Cyprus,CYP,"GNI per capita, Atlas method (current US$)",NY.GNP.PCAP.CD,,,,,,,,,,,,,,,,,,1520,1800,2400,3390,4050,4490,4220,4360,4480,5020,6300,7910,8570,9300,9460,11020,10970,11680,12810,13880,14280,15490,14340,14180,14170,14510,16710,20260,23990,25600,27340,31970,32780,32040,32550,29680,27830,26530,25980,24710,24710,26990,27930,26110
Czech Republic,CZE,"GNI per capita, Atlas method (current US$)",NY.GNP.PCAP.CD,,,,,,,,,,,,,,,,,,,,,,,,,,,,,,,,,3360,3500,4170,5150,5980,6160,6110,6110,6340,6350,6650,8110,10260,12480,14000,15850,18510,18840,19400,19460,19440,19410,18900,18370,17670,18310,20560,22110,22070
Germany,DEU,"GNI per capita, Atlas method (current US$)",NY.GNP.PCAP.CD,,,,,,,,,,,,,3600,4670,5800,6720,7130,7670,8870,11050,13010,12540,11120,10020,9880,9840,11240,14240,18620,19760,21300,22890,25810,25990,27530,29520,30860,30140,27950,26840,26150,24740,23610,26080,31570,35710,38230,40440,43570,43520,44550,47220,46530,47190,47620,45750,44250,43610,47020,48550,47060
Djibouti,DJI,"GNI per capita, Atlas method (current US$)",NY.GNP.PCAP.CD,,,,,,,,,,,,,,,,,,,,,,,,,,,,,,,,,,,,,,,,,,,,,,,,,,,,,,,,2730,2870,2990,3260,3310,3320
Dominica,DMA,"GNI per capita, Atlas method (current US$)",NY.GNP.PCAP.CD,,,,,,,,,,,,,,,,,,,,710,960,1160,1210,1220,1330,1480,1790,2170,2560,2600,2810,2960,3200,3410,3490,3720,3890,4010,4200,4200,4220,4470,4270,4680,4950,5050,5490,5760,6340,6520,6730,6920,6730,6780,7020,6910,7270,7250,7680,7870,6870
Denmark,DNK,"GNI per capita, Atlas method (current US$)",NY.GNP.PCAP.CD,,,,,,,,,2870,3140,3310,3670,4310,5580,6800,8080,8960,9780,11170,13560,15090,14180,12860,11710,11520,11840,14070,17760,22130,23050,24370,25540,28700,28570,30360,32560,34770,35150,33460,33060,32580,31410,30850,34750,42640,49610,53540,55740,60390,60090,61220,61990,61650,63200,63670,60510,58040,56690,61260,63420,63070
Dominican Republic,DOM,"GNI per capita, Atlas method (current US$)",NY.GNP.PCAP.CD,,,220,240,260,230,250,250,250,280,340,370,430,520,610,710,780,830,900,1030,1140,1210,1240,1240,1300,1100,1030,940,920,910,870,1040,1360,1620,1750,1960,2170,2360,2450,2540,2680,2740,2890,2640,2560,3040,3640,4430,4760,4920,5330,5540,5790,6030,6330,6580,6860,7090,7780,8100,7260
Algeria,DZA,"GNI per capita, Atlas method (current US$)",NY.GNP.PCAP.CD,,,190,230,240,250,230,250,280,310,330,320,440,530,710,910,1060,1100,1320,1640,1990,2200,2260,2190,2270,2400,2590,2810,2750,2550,2370,1980,1900,1730,1620,1550,1520,1510,1540,1530,1590,1670,1730,1920,2250,2710,3100,3600,4220,4290,4480,4600,5170,5510,5490,4850,4370,3940,3980,4010,3550
East Asia & Pacific (excluding high income),EAP,"GNI per capita, Atlas method (current US$)",NY.GNP.PCAP.CD,,,71.20680195,77.46125185,86.1135077,97.56977173,105.5663617,99.56897768,96.4022983,108.0191194,120.9912456,124.398083,131.3694675,158.6173161,185.6563929,216.008642,211.2464991,224.6700144,238.3436912,263.1586371,290.8864971,307.7520649,307.3068503,303.2980447,321.4226415,343.8861501,365.2119735,381.4810688,400.9841393,402.760191,418.1739389,448.2476132,497.7550568,540.6635463,606.9822264,698.2311139,812.7025262,880.8382165,827.077195,851.186067,909.5794479,981.4047042,1062.929063,1208.483606,1422.021808,1634.82144,1892.245553,2271.877672,2769.177383,3214.506169,3757.646177,4339.665312,5069.738453,5701.431572,6203.809322,6465.173331,6673.776271,7012.061004,7682.653556,8278.748654,8356.961251
Early-demographic dividend,EAR,"GNI per capita, Atlas method (current US$)",NY.GNP.PCAP.CD,,,,,,,,189.9651491,195.9030631,209.535611,221.0705822,233.5503365,249.9454882,298.0272801,381.1696801,459.6034619,505.2316209,518.746885,554.4205278,644.3560136,763.6356224,862.6002465,842.2364423,783.1021149,755.0950863,755.0098627,778.0577806,812.425847,838.9748681,806.4298237,841.8253344,882.3426192,975.8370096,1030.5252,1082.924704,1104.342717,1156.062096,1192.624905,1162.422148,1176.016198,1238.686159,1256.825291,1225.326693,1301.132309,1476.571866,1688.434251,1894.008991,2141.875241,2399.785448,2484.499465,2708.837952,2950.419281,3252.470485,3387.253263,3423.453948,3304.434552,3262.151753,3311.247241,3455.277552,3517.490947,3226.573417
East Asia & Pacific,EAS,"GNI per capita, Atlas method (current US$)",NY.GNP.PCAP.CD,,,142.057592,155.406268,173.9147205,192.5979662,211.7657984,222.7040485,241.6267438,275.1476823,305.386116,333.4012012,391.4658696,497.3907342,603.1632832,704.018935,729.8188041,789.7016285,932.6625264,1132.213981,1285.538142,1336.200498,1288.340329,1254.504828,1294.258793,1379.982287,1585.585886,1936.42054,2473.520933,2651.791029,2754.287361,2863.742341,3065.087214,3314.304655,3606.128456,4081.102596,4306.275451,4179.266659,3661.196284,3623.4787,3832.075829,3918.532493,3874.265115,4057.22629,4565.700717,5000.032559,5287.172199,5659.629698,6169.967348,6520.826369,7335.993273,8135.250963,9101.521525,9703.138259,9935.716462,9823.782005,9893.685286,10236.84211,11086.95258,11700.47141,11659.2325
Europe & Central Asia (excluding high income),ECA,"GNI per capita, Atlas method (current US$)",NY.GNP.PCAP.CD,,,,,,,,,,,,,,,,,,,,,,,,,,,,,,,,2557.33233,2409.726677,2305.421877,1974.777612,1933.548232,1925.849068,1994.816675,1841.235055,1707.881783,1793.774774,1713.131853,1871.522211,2210.855341,2908.291249,3749.02196,4648.285747,5775.798148,7072.852869,6982.98781,7468.536044,8099.644774,9288.138518,10244.2225,10163.24688,8838.354407,7730.08398,7439.801123,7864.362419,8253.810794,7899.605024
Europe & Central Asia,ECS,"GNI per capita, Atlas method (current US$)",NY.GNP.PCAP.CD,,,,,,,,,,,,,1753.528799,2221.394704,2709.156112,3118.988223,3295.633419,3515.1286,3970.24043,4908.92797,5880.139357,5912.481893,5414.749396,4840.255815,4660.271484,4645.592411,5319.614634,6731.091704,8628.029896,9219.227697,9906.776468,10584.93293,11659.56023,11465.16425,11606.84574,12040.80479,12752.29605,13003.57765,12612.61099,12485.96011,12566.1624,12158.85019,12080.57663,13650.58955,16592.48637,19235.15128,20847.95037,22566.64069,24576.51955,24342.71155,24544.11946,25012.40626,25328.58112,26027.5283,26052.15266,24681.09034,23363.11312,22838.10667,24373.25471,25217.25434,23918.92766
Ecuador,ECU,"GNI per capita, Atlas method (current US$)",NY.GNP.PCAP.CD,,,380,350,380,430,450,460,470,500,520,510,510,600,830,1090,1280,1360,1550,1820,2110,2460,2390,2110,1890,1820,1770,1640,1510,1360,1370,1480,1600,1670,1820,1970,2080,2180,2160,1780,1550,1550,1730,2110,2550,2880,3100,3310,3860,4060,4390,4870,5390,5810,6110,5970,5810,5860,6090,6100,5530
"Egypt, Arab Rep.",EGY,"GNI per capita, Atlas method (current US$)",NY.GNP.PCAP.CD,,,,,,,,170,180,190,220,240,260,290,300,330,350,370,390,420,490,520,550,560,640,680,740,870,840,780,760,750,750,760,820,920,1020,1130,1210,1310,1420,1430,1330,1240,1200,1220,1320,1530,1840,2120,2370,2560,2840,3030,3230,3340,3440,3030,2790,2690,3000
Euro area,EMU,"GNI per capita, Atlas method (current US$)",NY.GNP.PCAP.CD,,,,,,,,,,,,,2899.302784,3723.546887,4622.859476,5329.985877,5651.684721,6070.794155,6892.045205,8548.635358,10265.57874,10165.62998,9204.025016,8203.943294,7974.388421,7987.372329,9230.399541,11815.90869,15367.3197,16472.72097,17758.07649,18997.12115,21316.89011,20989.73835,21526.02752,22654.77511,23912.48546,23862.20843,22816.48289,22410.44525,22188.20766,21264.8909,20722.78207,23314.44411,28299.44523,32412.48689,34555.97705,36717.67724,39536.99811,39640.6296,39768.571,40296.34986,39267.74781,39468.8158,39352.9295,37713.56501,36324.86907,35816.15403,38718.07194,40065.32169,37894.51777
Eritrea,ERI,"GNI per capita, Atlas method (current US$)",NY.GNP.PCAP.CD,,,,,,,,,,,,,,,,,,,,,,,,,,,,,,,,,,,270,270,300,320,330,310,300,310,300,300,340,390,410,420,410,480,510,600,,,,,,,,,
Spain,ESP,"GNI per capita, Atlas method (current US$)",NY.GNP.PCAP.CD,,,500,570,640,730,840,930,1010,1110,1170,1310,1590,2090,2730,3240,3430,3640,4040,5010,6210,6310,5680,4860,4580,4550,5400,7110,9410,10700,12210,13700,15610,15010,14470,14830,15560,15820,15440,15480,15770,15520,15590,18030,22070,25870,27820,29740,32190,32460,31880,30950,29520,29210,29130,28430,27530,27070,29310,30340,27320
Estonia,EST,"GNI per capita, Atlas method (current US$)",NY.GNP.PCAP.CD,,,,,,,,,,,,,,,,,,,,,,,,,,,,,,,,,,,,,,,,,4170,4310,4620,5730,7500,9730,11500,13430,15210,14650,14710,15990,16880,18250,19000,18700,18430,18770,21300,23250,23370
Ethiopia,ETH,"GNI per capita, Atlas method (current US$)",NY.GNP.PCAP.CD,,,,,,,,,,,,,,,,,,,,,,,,210,200,190,230,280,270,260,260,250,220,210,160,150,150,140,130,120,130,130,120,110,140,160,180,220,280,340,380,390,410,470,550,600,670,740,800,850,890
European Union,EUU,"GNI per capita, Atlas method (current US$)",NY.GNP.PCAP.CD,,,,,,,,,,,,,2412.76563,3093.026613,3832.023213,4423.489797,4689.779377,5030.167426,5700.182825,7048.86886,8435.443989,8347.722323,7550.474438,6717.364204,6522.95897,6533.12071,7555.247246,9658.92658,12519.34432,13414.13555,14446.53647,15443.49037,17322.24304,17057.1623,17532.36009,18513.78553,19633.01668,19673.72601,18888.4354,18607.2638,18511.19924,17816.43001,17479.45289,19733.1128,23994.07765,27606.42163,29604.27622,31658.96291,34398.33211,34521.82052,34715.03248,35193.63516,34503.75227,34821.29589,34789.66173,33399.22972,32171.82101,31807.80879,34469.18737,35810.37526,34081.08036
Fragile and conflict affected situations,FCS,"GNI per capita, Atlas method (current US$)",NY.GNP.PCAP.CD,,,,,,,,,,,,,,,,,,,,,790.1517879,873.6271484,924.5174426,915.1643767,820.1614,788.2621765,776.7878434,794.7533012,806.0286844,708.7556558,857.8917522,511.6317086,511.4540413,462.285191,425.9896306,440.8094192,473.672297,525.7828826,530.5076209,556.9134028,603.288268,653.5159447,642.26183,622.3411041,743.9422471,867.7968009,1047.546018,1258.483823,1543.988517,1682.010803,1832.739004,1815.950027,2063.11748,2158.690516,2245.866285,1977.95883,1802.19516,1666.37317,1671.218114,1745.578005,1622.700627
Finland,FIN,"GNI per capita, Atlas method (current US$)",NY.GNP.PCAP.CD,,,1370,1470,1620,1810,1970,2060,2090,2270,2460,2690,3170,4030,5130,6320,6840,7190,7910,9540,11450,11980,11700,10840,10790,11130,13010,16480,21540,24110,26000,25100,24170,20680,20170,22030,24970,26680,25820,26040,26450,25810,25550,28720,35270,40170,42800,46160,50070,48800,49600,50150,48940,49480,49390,47150,45500,44790,48160,49950,49700
Fiji,FJI,"GNI per capita, Atlas method (current US$)",NY.GNP.PCAP.CD,,,280,290,300,290,300,340,350,350,400,440,530,720,930,1120,1220,1300,1360,1660,1870,2040,1800,1580,1660,1580,1790,1770,1790,1790,1790,1790,1990,2090,2230,2460,2660,2580,2290,2350,2230,2140,2160,2410,3020,3570,3590,3790,3980,3850,3650,3770,4140,4710,5020,5100,5280,5370,5910,5800,4720
France,FRA,"GNI per capita, Atlas method (current US$)",NY.GNP.PCAP.CD,,,1550,1700,1870,2030,2200,2360,2560,2820,3020,3250,3670,4690,5790,6720,7140,7810,8830,10820,13080,13190,12040,10450,9820,9770,11330,14460,18520,19490,20640,21420,23840,23580,24380,25740,27110,26930,25830,25420,24970,23840,23090,25930,31360,35870,37850,40130,43460,43930,43850,44350,43380,43780,43320,41100,39070,38270,41060,42270,39400
Faroe Islands,FRO,"GNI per capita, Atlas method (current US$)",NY.GNP.PCAP.CD,,,,,,,,,,,,,,,,,,,,,,,,,,,,,,,,,,,,,,,,,,,,,,,,,,,,,,,,,,,,,
"Micronesia, Fed. Sts.",FSM,"GNI per capita, Atlas method (current US$)",NY.GNP.PCAP.CD,,,,,,,,,,,,,,,,,,,,,,,,,,,,,,,,,,2120,2130,2200,2140,1930,1950,2050,2210,2260,2270,2380,2440,2560,2560,2570,2590,2820,2900,3070,3150,3180,3150,3490,3410,3450,3400,4010,
Gabon,GAB,"GNI per capita, Atlas method (current US$)",NY.GNP.PCAP.CD,,,330,410,340,360,420,440,460,530,570,610,690,910,1700,2870,4450,4010,3090,3520,4590,5290,4840,4260,4310,3860,3840,3430,4150,4580,4820,5170,5120,4430,4130,3910,4100,4270,3940,3280,3100,3430,3610,3880,4310,5520,5740,6590,7320,7590,7850,8120,9090,9330,9330,7970,7080,6510,6830,7170,6970
United Kingdom,GBR,"GNI per capita, Atlas method (current US$)",NY.GNP.PCAP.CD,,,,,,,,,,,2480,2760,3200,3900,4360,4870,5010,5220,5930,7560,9530,10640,10630,9840,9250,9140,10220,12680,16130,17350,18530,19350,21440,21320,21850,21080,22790,25480,26920,28140,29230,28970,29180,32250,37770,42740,45060,47500,48470,44230,41740,41060,41690,42730,44400,44340,42940,41280,41740,42130,38950
Georgia,GEO,"GNI per capita, Atlas method (current US$)",NY.GNP.PCAP.CD,,,,,,,,,,,,,,,,,,,,,,,,,,,,,,,,,2260,1610,760,550,670,820,870,840,790,780,840,990,1210,1520,1910,2380,2820,2950,3210,3520,4150,4530,4740,4410,4080,4040,4460,4690,4290
Ghana,GHA,"GNI per capita, Atlas method (current US$)",NY.GNP.PCAP.CD,,,190,200,210,230,250,240,220,220,250,270,260,280,320,300,290,300,350,380,420,410,360,320,340,350,390,420,440,400,400,410,430,420,370,370,380,390,390,390,340,300,270,320,380,460,600,790,1150,1190,1240,1380,1530,1840,1960,1950,1790,1870,2120,2210,2230
Gibraltar,GIB,"GNI per capita, Atlas method (current US$)",NY.GNP.PCAP.CD,,,,,,,,,,,,,,,,,,,,,,,,,,,,,,,,,,,,,,,,,,,,,,,,,,,,,,,,,,,,,
Guinea,GIN,"GNI per capita, Atlas method (current US$)",NY.GNP.PCAP.CD,,,,,,,,,,,,,,,,,,,,,,,,,,,,,400,390,410,420,460,490,500,500,510,510,470,450,400,360,350,340,370,360,400,470,620,670,690,680,700,700,740,760,780,820,860,950,1020
"Gambia, The",GMB,"GNI per capita, Atlas method (current US$)",NY.GNP.PCAP.CD,,,,,,,,,110,110,110,110,120,150,180,230,230,240,260,310,380,390,340,300,290,300,300,320,300,300,310,400,520,710,690,690,700,690,660,640,620,560,440,390,470,520,640,700,810,880,890,760,760,730,650,620,620,660,720,750,750
Guinea-Bissau,GNB,"GNI per capita, Atlas method (current US$)",NY.GNP.PCAP.CD,,,,,,,,,,,,,120,130,150,170,150,140,160,180,150,190,200,190,190,200,160,170,180,210,220,240,240,230,220,220,240,240,160,160,210,250,300,330,380,430,440,470,510,560,580,640,630,640,640,640,650,680,720,800,760
Equatorial Guinea,GNQ,"GNI per capita, Atlas method (current US$)",NY.GNP.PCAP.CD,,,,,,,,,,,,,,,,,,,,,,,130,130,130,150,170,210,250,230,260,270,380,370,270,250,360,870,700,820,770,900,1270,1190,1720,3890,8110,11600,14250,12530,9970,11540,13870,14030,13230,10850,8270,6510,6730,6280,5810
Greece,GRC,"GNI per capita, Atlas method (current US$)",NY.GNP.PCAP.CD,,,620,700,790,900,1000,1090,1200,1370,,,,,,,,,,,,,,,,,,,,,,,,,,,,,,,,,,,,,24550,26350,28660,29330,27530,24510,23170,22370,22000,20140,18590,17940,19050,19690,18080
Grenada,GRD,"GNI per capita, Atlas method (current US$)",NY.GNP.PCAP.CD,,,,,,,,,,,,,,,,,,,,1150,1300,1310,1300,1280,1340,1500,1790,2200,2490,2670,2840,3040,3140,3120,3210,3310,3500,3660,3990,4310,4610,4510,4650,5290,5350,6650,6430,6830,7260,6720,6940,7060,7030,7350,7520,7750,8350,8740,9560,9830,8740
Greenland,GRL,"GNI per capita, Atlas method (current US$)",NY.GNP.PCAP.CD,,,,,,,,,,,,,1890,2440,3130,3800,4330,5140,6160,7550,9270,9100,8020,7270,6740,7060,8540,11470,15170,16970,15690,16510,17440,16600,17830,19470,20780,20540,20440,19740,20290,19390,18760,20440,25730,30920,30240,34800,,,,,,,,,,,,,
Guatemala,GTM,"GNI per capita, Atlas method (current US$)",NY.GNP.PCAP.CD,,,260,280,280,290,290,290,310,330,350,360,390,450,540,610,690,800,920,1080,1210,1240,1170,1110,1130,1160,1070,1020,980,980,930,970,1030,1140,1230,1360,1440,1530,1610,1650,1670,1600,1600,1670,1850,2000,2150,2370,2610,2650,2730,2910,3160,3380,3550,3700,3870,4100,4400,4610,4490
Guam,GUM,"GNI per capita, Atlas method (current US$)",NY.GNP.PCAP.CD,,,,,,,,,,,,,,,,,,,,,,,,,,,,,,,,,,,,,,,,,,,,,,,,,,,,,,,,,,,,,
Guyana,GUY,"GNI per capita, Atlas method (current US$)",NY.GNP.PCAP.CD,,,280,250,280,310,320,340,330,350,360,380,390,430,540,680,660,610,620,670,760,740,590,510,470,500,520,460,470,360,400,330,390,460,570,670,830,890,880,860,890,880,890,940,1030,1090,1470,2280,3850,4190,4510,4820,5290,5540,5570,5470,5600,5910,6290,6630,6600
High income,HIC,"GNI per capita, Atlas method (current US$)",NY.GNP.PCAP.CD,,,1530.618488,1622.714592,1744.48192,1890.465374,2059.472751,2189.229807,2396.92364,2608.313356,2766.586415,3016.766744,3457.086801,4226.537719,4935.677525,5517.259212,5852.832073,6283.440826,7179.696316,8620.43116,9962.489237,10366.9739,9868.116485,9458.83167,9809.829933,10264.33664,11587.12581,13899.18041,16926.18125,17823.91355,18633.38937,19380.57788,21079.77545,21588.614,22653.58641,24189.93149,25403.27933,25533.79787,24573.20562,24857.97535,25888.21385,25871.45661,25696.39871,27679.37065,31568.17482,34762.11971,36477.57025,37893.98922,39468.55428,38786.00846,39846.52889,41197.16717,42564.88928,43378.84515,43564.5916,42331.49295,41421.00404,41723.03403,44549.51323,46037.55807,44413.0013
"Hong Kong SAR, China",HKG,"GNI per capita, Atlas method (current US$)",NY.GNP.PCAP.CD,,,,570,630,700,710,710,740,840,930,1060,1300,1750,2150,2450,2900,3340,3930,4700,5730,6360,6290,5890,6170,6090,7230,9080,10770,11550,12660,14320,16560,19560,21820,23570,24140,26080,25110,25800,26930,26350,25270,26340,28120,28890,30290,32070,33950,32350,33620,35690,36340,38570,40240,41180,42970,46390,50060,50480,48630
Honduras,HND,"GNI per capita, Atlas method (current US$)",NY.GNP.PCAP.CD,,,180,180,190,210,220,230,250,250,260,270,280,320,360,380,410,460,610,830,1090,1090,1020,1000,1080,1160,1260,1410,1410,1270,1110,940,930,950,880,900,870,910,910,930,1020,1050,1070,1130,1210,1290,1360,1490,1630,1670,1740,1880,1970,2010,2010,2060,2120,2250,2330,2390,2200
Heavily indebted poor countries (HIPC),HPC,"GNI per capita, Atlas method (current US$)",NY.GNP.PCAP.CD,,,,,,,,,,,,,,,,,,,,,,,,324.5254685,311.2634294,313.1454592,352.523118,412.8991415,435.5021451,412.5276804,383.9386113,366.6466156,357.8983493,344.0915733,307.9372788,312.3809936,318.9738316,328.9030614,324.387442,326.1280447,328.7591012,325.9808681,330.4389231,352.1550196,403.2465118,454.5035409,498.9193414,563.6194077,661.3863423,721.8930367,771.1581416,799.6752853,848.3011192,895.3594587,940.0796815,934.428468,913.2460662,909.5543963,953.3524693,982.2725061,959.0543893
Croatia,HRV,"GNI per capita, Atlas method (current US$)",NY.GNP.PCAP.CD,,,,,,,,,,,,,,,,,,,,,,,,,,,,,,,,,,,,,,5520,5430,5180,5210,5290,5600,6670,8520,10150,11310,12670,14250,14110,14090,14040,13440,13580,13260,12970,12380,12680,14080,14990,14190
Haiti,HTI,"GNI per capita, Atlas method (current US$)",NY.GNP.PCAP.CD,,,,,,,,,,,,,,,,,,,,,250,250,250,240,260,280,320,340,380,370,420,450,390,310,260,310,360,390,400,450,550,640,730,670,660,700,780,890,990,1140,1120,1230,1300,1370,1410,1390,1330,1310,1360,1330,1250
Hungary,HUN,"GNI per capita, Atlas method (current US$)",NY.GNP.PCAP.CD,,,,,,,,,,,,,,,,,,,,,,,,,,,,,,,,,,3660,4030,4250,4370,4400,4410,4490,4620,4790,5290,6630,8640,10360,11230,11750,13230,13380,13260,13250,13060,13500,13560,13250,13100,13190,15010,16530,16010
IBRD only,IBD,"GNI per capita, Atlas method (current US$)",NY.GNP.PCAP.CD,,,,,175.7664942,190.272224,198.7948941,198.5650531,203.7619426,221.4246111,238.85668,253.3854007,274.3732835,332.5053234,411.2354006,482.6224485,503.3843443,524.8947681,567.2357273,653.1417207,751.1691636,807.4227014,793.5081895,741.3822007,735.3153614,754.0057758,796.8650291,858.5127249,906.619842,917.4803464,967.3731619,1007.214411,1060.28237,1100.291027,1139.454249,1222.167935,1337.841992,1426.287917,1383.48755,1361.315561,1413.826984,1424.735928,1443.01055,1566.623593,1824.580313,2130.617626,2479.618824,2947.555298,3485.174865,3749.491447,4189.257032,4666.103372,5288.941912,5722.064008,5911.376787,5737.221873,5631.58471,5755.822451,6178.106414,6513.428153,6264.201594
IDA & IBRD total,IBT,"GNI per capita, Atlas method (current US$)",NY.GNP.PCAP.CD,,,,,161.678559,174.7153986,182.3900151,182.5471491,187.5981486,203.802886,220.6943043,233.8813851,252.7895747,302.8072077,375.5279041,441.0221512,462.4899279,481.8784463,519.6067564,597.8773721,688.1206532,743.7775146,737.6143771,695.1181207,678.8618777,689.6256296,722.8025231,775.8964569,816.7890968,818.6647574,855.7951696,884.3065064,925.9518073,951.4054433,976.552767,1042.108636,1136.342582,1207.460286,1170.922561,1151.982535,1193.205356,1202.014979,1217.402178,1317.957408,1531.218713,1780.726312,2064.753618,2441.39054,2878.044662,3089.909193,3434.8128,3803.647958,4292.131582,4632.816108,4783.405858,4640.997097,4542.609513,4620.210993,4934.308894,5179.068099,4971.014856
IDA total,IDA,"GNI per capita, Atlas method (current US$)",NY.GNP.PCAP.CD,,,,,,,,,,,,,,157.3525219,200.6655355,238.0850671,262.6849231,273.344236,291.0444792,334.8492536,389.9706537,443.1491081,472.0607873,473.7479662,418.371389,398.8916804,394.2292654,413.5992867,427.2015031,397.9515366,387.7897225,377.3831379,377.8804879,351.461448,328.3093311,334.5080768,354.0908694,368.1040507,365.18734,367.9128612,377.1573153,388.693541,403.9559182,432.9717383,500.7121933,567.8246779,645.6735922,733.507083,856.6651325,922.8920169,988.5684312,1042.70268,1140.487929,1231.411578,1305.246985,1304.046089,1270.561204,1252.910709,1296.864398,1332.292771,1297.724091
IDA blend,IDB,"GNI per capita, Atlas method (current US$)",NY.GNP.PCAP.CD,,,104.7314472,111.7177062,115.878504,122.3321031,127.3731668,126.7066419,134.2067794,150.9223605,180.0185306,190.3741519,201.6239593,208.7437951,268.4617781,307.3520323,358.3568548,387.7980859,414.480917,479.6900963,562.8518614,676.0526918,783.4838766,835.484575,699.73743,637.5166463,582.8998592,572.3493459,584.0125861,533.8148167,524.7718589,507.2339445,512.0875045,456.6290002,434.2490047,442.0784352,479.4563446,499.031701,486.6461904,489.8261906,502.5123052,527.2399435,561.2022913,605.3359861,714.9312135,824.1442362,981.1828988,1123.750751,1314.219972,1379.892113,1454.42044,1526.769271,1704.834495,1860.131538,1992.733639,1964.849031,1843.600047,1737.075854,1730.886403,1725.187093,1654.496635
Indonesia,IDN,"GNI per capita, Atlas method (current US$)",NY.GNP.PCAP.CD,,,,,,,,,,70,80,80,90,110,160,220,270,300,360,400,470,530,560,530,520,500,520,510,510,530,560,610,660,740,850,990,1090,1100,660,570,580,720,790,900,1080,1220,1380,1600,1940,2150,2530,3010,3580,3730,3620,3430,3400,3530,3840,4050,3870
IDA only,IDX,"GNI per capita, Atlas method (current US$)",NY.GNP.PCAP.CD,,,,,,,,,,,,,,,,,,,,,,,,,270.1077312,273.4058826,296.0323438,331.7650798,346.3616164,328.0405945,317.0537391,310.3854282,308.6181093,297.7857524,274.1195056,279.5109784,290.1002846,301.2324033,303.0068408,305.4677451,312.9551197,317.8901919,323.9739912,345.481581,392.3878281,438.6021178,477.5501088,538.0616236,627.2581045,694.1984008,755.1912564,799.722065,856.494746,914.3674259,957.8942838,969.9271099,981.2316505,1009.19127,1079.178743,1136.664672,1120.960987
Isle of Man,IMN,"GNI per capita, Atlas method (current US$)",NY.GNP.PCAP.CD,,,,,,,,,,,,,,,,,,,,,,,,,,,,,,,,,,,,,,17050,18800,21310,21880,22480,23780,27790,34170,39600,44420,47220,42870,45990,71570,74390,82210,87840,89000,83990,78860,77890,83160,,
India,IND,"GNI per capita, Atlas method (current US$)",NY.GNP.PCAP.CD,,,90,100,110,110,110,110,100,110,120,120,120,140,170,190,180,190,210,220,270,290,290,280,280,290,310,350,390,390,380,350,340,320,340,370,400,410,410,440,440,450,460,520,610,710,790,910,1000,1120,1220,1360,1480,1520,1560,1600,1680,1820,2010,2120,1900
Not classified,INX,"GNI per capita, Atlas method (current US$)",NY.GNP.PCAP.CD,,,,,,,,,,,,,,,,,,,,,,,,,,,,,,,,,,,,,,,,,,,,,,,,,,,,,,,,,,,,,
Ireland,IRL,"GNI per capita, Atlas method (current US$)",NY.GNP.PCAP.CD,,,,,,,,,,,,,2070,2540,2990,3390,3280,3580,4120,5120,6380,6780,6390,5720,5610,5630,6370,8220,10420,11100,12560,13130,14440,14600,15480,16920,18880,20650,21430,22650,24080,24030,24850,29900,37700,44550,47900,50510,50940,46750,44820,41910,40590,43550,46440,50370,51950,54070,60430,62950,64150
"Iran, Islamic Rep.",IRN,"GNI per capita, Atlas method (current US$)",NY.GNP.PCAP.CD,,,210,210,220,250,270,290,320,360,390,450,540,730,1090,1460,1980,2060,2000,2240,2050,2320,3070,3260,3070,3420,3600,3470,2970,2530,2540,,,,,1290,1600,1790,1780,1740,1760,1790,1880,2200,2520,2960,3480,4270,4970,5560,6250,6870,7130,6990,6500,5370,5500,5420,4530,3640,2870
Iraq,IRQ,"GNI per capita, Atlas method (current US$)",NY.GNP.PCAP.CD,,,,,,,,,,,,,,,,,,,,,3910,3420,3010,2350,2540,2760,3060,3540,3730,3730,7070,70,50,40,60,130,390,750,920,1290,1600,1730,1420,850,1370,1430,1820,2400,3550,4160,4580,4960,6310,7050,6750,5800,5340,4670,4840,5490,4660
Iceland,ISL,"GNI per capita, Atlas method (current US$)",NY.GNP.PCAP.CD,,,1540,1740,2050,2440,2980,3110,2790,2490,,,,,,,,,,,,,,,,,,,,,,,,,,,,28480,29270,30400,31540,30700,30930,33710,42020,50520,53450,61880,50060,41860,36270,37610,40690,46960,48090,49940,54910,60230,67760,72900,62420
Israel,ISR,"GNI per capita, Atlas method (current US$)",NY.GNP.PCAP.CD,,,1320,1330,1310,1440,1470,1480,1730,1910,,,,,,,,,,,,,,,,,,,,,,,,,,,,18890,18740,18410,19160,19230,18560,18660,19930,21440,22330,23980,26190,27340,29750,31610,32380,34500,36130,36060,36390,37860,41200,43390,42600
Italy,ITA,"GNI per capita, Atlas method (current US$)",NY.GNP.PCAP.CD,,,960,1060,1160,1280,1410,1550,1700,1850,2060,2250,2620,3250,3930,4320,4510,4730,5270,6740,8430,8710,8220,7630,7760,8030,9380,12160,15950,17300,18660,20370,22960,21590,20860,20670,21830,22300,22220,21990,21890,21170,20710,23350,28270,32430,34250,35900,37910,37870,37850,37900,36200,35550,34890,32980,31950,31340,33810,34830,32200
Jamaica,JAM,"GNI per capita, Atlas method (current US$)",NY.GNP.PCAP.CD,,,,,,,,,620,650,720,760,980,1020,1180,1370,1370,1450,1430,1300,1210,1290,1340,1330,1130,930,950,1170,1480,1690,1770,1740,1610,1840,1880,2290,2520,2760,2890,3120,3240,3240,3250,3440,3650,3800,4090,4320,4570,4330,4390,4590,4980,5010,4910,4700,4600,4750,5010,5260,4620
Jordan,JOR,"GNI per capita, Atlas method (current US$)",NY.GNP.PCAP.CD,,,,,,,,,,,,,,,,,,,1160,1540,1810,2040,1980,1750,1730,1670,1870,2100,2160,1560,1270,1090,1240,1280,1340,1420,1430,1450,1480,1530,1670,1740,1780,1900,2160,2340,2510,2730,3110,3380,3520,3620,3720,3830,3920,3950,4000,4080,4270,4410,4310
Japan,JPN,"GNI per capita, Atlas method (current US$)",NY.GNP.PCAP.CD,,,610,700,810,900,1040,1210,1430,1680,1880,2140,2720,3620,4430,5170,5410,5940,7450,9450,10850,11120,10550,10270,10520,11470,13860,18180,24920,27010,27820,28580,30540,33350,36450,41820,43130,40040,34440,33760,36210,36760,34780,35060,38350,40610,39940,38740,38830,38770,43430,46860,49470,48280,43970,38850,37820,38430,41100,41570,40540
Kazakhstan,KAZ,"GNI per capita, Atlas method (current US$)",NY.GNP.PCAP.CD,,,,,,,,,,,,,,,,,,,,,,,,,,,,,,,,,,1430,1310,1280,1340,1390,1390,1290,1270,1360,1530,1810,2300,2930,3860,4980,6110,6790,7440,8280,9940,11840,12080,11380,8770,8040,8070,8820,8680
Kenya,KEN,"GNI per capita, Atlas method (current US$)",NY.GNP.PCAP.CD,,,100,100,110,100,120,120,130,140,130,160,190,200,230,250,250,280,320,390,450,450,390,340,310,310,340,370,410,400,370,350,330,270,260,270,340,390,430,430,410,400,380,400,450,510,580,700,820,900,960,990,1050,1130,1240,1290,1350,1420,1600,1750,1760
Kyrgyz Republic,KGZ,"GNI per capita, Atlas method (current US$)",NY.GNP.PCAP.CD,,,,,,,,,,,,,,,,,,,,,,,,,,,,,,,,,520,450,370,360,390,390,360,300,280,280,290,340,400,450,500,610,760,860,850,880,1040,1190,1250,1180,1110,1110,1220,1240,1160
Cambodia,KHM,"GNI per capita, Atlas method (current US$)",NY.GNP.PCAP.CD,,,,,,,,,,,,,,,,,,,,,,,,,,,,,,,,,,,,250,320,320,290,300,300,310,320,350,400,460,520,590,670,700,750,810,880,970,1020,1060,1140,1230,1380,1530,1490
Kiribati,KIR,"GNI per capita, Atlas method (current US$)",NY.GNP.PCAP.CD,,,,,,,,,,,,,,,,,,,870,860,690,660,790,780,590,540,520,550,640,670,720,960,1030,1020,1050,1150,1090,1340,1470,1300,1330,1340,1250,1310,1480,1700,1710,1820,1930,1900,2050,2090,2620,2980,3220,3470,2920,3020,3080,3340,3010
St. Kitts and Nevis,KNA,"GNI per capita, Atlas method (current US$)",NY.GNP.PCAP.CD,,,,,,,,,,,,,,,,,,,,1370,1670,1850,1940,2010,2240,2510,3070,3690,4390,4660,5220,5260,5710,6190,6710,7310,7690,8080,7830,8280,9120,9440,9370,9270,10390,11640,12440,13050,14850,14620,14690,15450,15470,16610,16490,16410,17080,17240,18520,19130,17400
"Korea, Rep.",KOR,"GNI per capita, Atlas method (current US$)",NY.GNP.PCAP.CD,,,120,120,130,130,140,150,190,240,280,310,340,430,550,660,810,970,1280,1680,1870,2030,2050,2170,2340,2480,2850,3530,4520,5380,6450,7570,8310,9010,10090,11820,13320,13550,10330,10430,11030,11950,12850,13790,16200,18520,20800,23440,23860,22040,22290,23590,25660,26980,28160,28720,29330,30300,32730,33790,32860
Kuwait,KWT,"GNI per capita, Atlas method (current US$)",NY.GNP.PCAP.CD,,,,,,,,,,,,,,,,,,,,,,,,,,,,,,,,,,,,20520,20870,21480,19680,16870,17980,18660,18930,22600,28510,35220,42300,47580,51710,45000,42490,43790,49690,53060,51000,41820,35330,31400,33430,36290,
Latin America & Caribbean (excluding high income),LAC,"GNI per capita, Atlas method (current US$)",NY.GNP.PCAP.CD,,,,,,,450.4932925,462.2557968,497.7481915,531.8413882,562.5693072,617.0513397,681.5301567,838.1172658,1064.970243,1249.362841,1312.546736,1350.174704,1466.999383,1721.788668,2021.45718,2154.484467,2042.544286,1794.928674,1710.826134,1687.375612,1756.511904,1902.923451,2020.376974,2166.961934,2268.329346,2645.617577,2928.914196,3165.943353,3411.070114,3618.069761,3921.231926,4191.627988,4170.699273,3946.518444,4017.001691,3872.294545,3640.712338,3650.679383,3927.712087,4378.213062,5032.717059,5862.614158,6743.123022,6878.496141,7627.68141,8469.401086,9354.780409,9799.027237,9627.849184,8812.61513,8086.359388,7949.162404,8219.635084,8293.531593,7180.544583
Lao PDR,LAO,"GNI per capita, Atlas method (current US$)",NY.GNP.PCAP.CD,,,,,,,,,,,,,,,,,,,,,,,,,,,550,430,250,210,190,210,250,280,310,350,380,370,310,290,280,310,320,340,390,460,510,620,750,890,1000,1140,1370,1610,1820,1970,2120,2240,2450,2490,2480
Lebanon,LBN,"GNI per capita, Atlas method (current US$)",NY.GNP.PCAP.CD,,,,,,,,,,,,,,,,,,,,,,,,,,,,,,,1310,1700,1920,2220,2610,3160,3720,4000,4250,4490,4600,4460,4200,3790,4730,4890,4860,5410,6060,6870,7470,7560,7560,7640,7550,7280,7220,7470,7710,7420,5510
Liberia,LBR,"GNI per capita, Atlas method (current US$)",NY.GNP.PCAP.CD,,,,,,,,,,,,,,,,,,,,,,,,,,,,,,,,,,,,,,,,,,,250,180,210,250,290,330,390,430,460,520,560,630,630,630,620,620,610,580,530
Libya,LBY,"GNI per capita, Atlas method (current US$)",NY.GNP.PCAP.CD,,,,,,,,,,,,,,,,,,,,,,,,,,,,,,,,,,,,,,,,,,,5170,5160,5140,6860,8600,10400,12200,12090,12380,4690,11550,10750,7610,5690,4550,5410,6800,7640,4850
St. Lucia,LCA,"GNI per capita, Atlas method (current US$)",NY.GNP.PCAP.CD,,,,,,,,,,,,,,,,,,,,,,,1530,1510,1660,1940,2500,2830,3330,3570,3730,3850,4400,4420,4510,4650,4850,4760,4930,5150,5250,4990,5010,5370,6000,6230,7260,7500,8090,8020,8170,8820,8850,8790,8840,8740,9450,10080,10700,11080,8790
Latin America & Caribbean,LCN,"GNI per capita, Atlas method (current US$)",NY.GNP.PCAP.CD,,,,,,,489.6275489,501.2210026,537.3640465,572.4783533,608.8190659,667.4428239,735.184464,898.7834105,1135.443701,1308.506578,1374.343332,1416.721423,1546.861542,1819.516932,2139.400926,2306.96518,2185.30013,1923.360382,1833.403069,1802.753929,1875.362144,2010.327011,2134.472289,2240.587334,2341.510558,2697.87172,2987.898304,3216.809006,3449.716179,3680.525896,3985.713233,4271.743239,4251.670121,4055.269848,4151.519687,4034.900114,3782.774031,3772.117282,4091.539755,4581.92847,5275.733016,6155.461953,7096.539377,7265.88729,8049.470491,8877.517917,9790.839265,10198.20029,10091.20434,9127.104865,8413.72332,8291.867578,8614.013895,8718.16442,7584.674922
Least developed countries: UN classification,LDC,"GNI per capita, Atlas method (current US$)",NY.GNP.PCAP.CD,,,,,,,,,,,,,,,,,,,,,,,,,,216.8845416,244.2585335,283.6122717,300.0398291,302.5660347,291.5256477,301.2718684,288.5537412,277.6990547,254.8331069,263.7907486,271.5186692,285.8665726,285.3310386,287.384596,297.7789491,303.2473929,314.0273758,336.9093987,387.5734131,438.7668419,486.2493977,559.1736873,653.092831,723.9652735,788.2746632,835.87519,907.5002118,971.3539732,1016.492321,1009.775181,999.6345695,1011.571384,1065.787925,1113.186282,1077.973119
Low income,LIC,"GNI per capita, Atlas method (current US$)",NY.GNP.PCAP.CD,,,,,,,,,,,,,,,,,,,,,,,,,,,,,333.693473,307.5904213,284.6265184,274.5214568,265.0212237,250.8235142,219.7771418,217.4718002,216.75621,221.4630282,219.1010491,215.4807106,220.8081457,228.9606487,239.5607536,251.7813644,287.6454065,324.0940649,358.128435,412.6810747,479.9075532,532.6530387,585.1077885,596.8128333,628.9673155,661.4389101,694.0476495,682.1605947,674.0161865,662.0472253,669.1399991,688.1209555,679.6484656
Liechtenstein,LIE,"GNI per capita, Atlas method (current US$)",NY.GNP.PCAP.CD,,,,,,,,,,,,,5120,6500,8210,10150,11190,12370,14760,18510,22610,22620,20320,18770,19020,19730,22870,31170,41490,43620,45470,47570,54350,56680,62010,70050,78570,80150,77660,78660,78870,68260,65050,68450,78700,92710,104050,112190,121900,116440,,,,,,,,,,,
Sri Lanka,LKA,"GNI per capita, Atlas method (current US$)",NY.GNP.PCAP.CD,,,,130,130,130,150,170,160,170,170,170,180,210,250,270,260,260,240,260,280,300,310,310,330,370,410,430,460,440,460,490,550,600,640,690,740,800,820,840,870,830,840,940,1060,1210,1360,1550,1790,2010,2410,2850,3360,3490,3640,3760,3810,3870,4040,4010,3720
Lower middle income,LMC,"GNI per capita, Atlas method (current US$)",NY.GNP.PCAP.CD,,,,,,,,112.2673784,113.2547347,122.5233317,132.3339685,138.8123835,149.2906559,173.8423468,217.026937,259.4473493,284.6879973,299.1629459,324.563355,366.909607,421.3512984,469.8828639,502.2560831,501.1122691,477.7049953,485.4911114,505.062658,533.2710523,547.7757415,525.7169696,520.5243342,521.8822373,523.8124152,504.9292321,503.2912514,538.7908026,589.932145,611.8682592,574.615853,578.7911172,588.2566859,611.3581067,627.0170393,692.3951672,803.8765041,917.5329157,1038.500464,1207.351453,1387.517786,1509.245246,1656.891994,1822.137603,2016.576325,2120.024942,2160.874797,2119.183081,2129.24529,2174.981849,2290.694489,2360.779835,2201.064139
Low & middle income,LMY,"GNI per capita, Atlas method (current US$)",NY.GNP.PCAP.CD,,,,140.2620961,154.2974761,167.9685288,175.7255452,175.8107598,180.4932108,196.5786907,212.7569743,225.0297896,243.1147601,291.2710621,360.7310249,426.3804112,446.5959407,465.0589081,500.341421,574.1104,658.5494464,708.8822277,704.7444195,666.3748218,652.5824374,664.7280829,697.1499043,750.6458954,790.4591992,795.7655915,830.5057991,856.1352484,893.3390365,913.7258226,936.575335,995.6864618,1083.559826,1147.847572,1110.308489,1091.998251,1130.410123,1138.420995,1157.281521,1257.494999,1462.056092,1698.582247,1968.477312,2326.924261,2740.554935,2947.466192,3285.304446,3652.545628,4135.544522,4479.625531,4627.431968,4510.359043,4419.919481,4498.120932,4799.583496,5036.2042,4834.93568
Lesotho,LSO,"GNI per capita, Atlas method (current US$)",NY.GNP.PCAP.CD,,,,,,,80,80,80,80,90,90,100,150,220,230,280,310,340,400,440,510,610,540,490,410,390,420,500,520,550,580,650,660,680,690,700,690,620,610,580,640,590,670,810,1020,1130,1300,1290,1190,1270,1360,1500,1460,1350,1310,1270,1190,1230,1290,1100
Late-demographic dividend,LTE,"GNI per capita, Atlas method (current US$)",NY.GNP.PCAP.CD,,,,,,,193.7975048,190.04685,194.7880649,216.2234997,240.5633633,256.4931243,281.2146576,342.7941971,410.6475722,468.6490489,477.072188,510.8598848,557.599141,642.3810312,723.1796567,738.0092073,716.554845,667.0449003,682.5717885,711.4608435,775.4208849,846.4710588,921.6480576,994.0382814,1018.559894,1139.111156,1156.850985,1178.711818,1215.640389,1377.822151,1564.695734,1702.740572,1650.497957,1587.512654,1633.021334,1643.911834,1720.813892,1916.13549,2274.736755,2688.124124,3187.970451,3873.576404,4697.700227,5127.491521,5765.869922,6494.967513,7464.043224,8266.317682,8675.405446,8507.04825,8351.60934,8556.947935,9343.502512,10018.20924,9905.234308
Lithuania,LTU,"GNI per capita, Atlas method (current US$)",NY.GNP.PCAP.CD,,,,,,,,,,,,,,,,,,,,,,,,,,,,,,,,,,,,,,2600,2860,2980,3210,3450,3820,4700,6020,7580,8820,10610,12680,12460,12570,13320,14100,15340,16070,15180,14890,15270,17440,19000,19410
Luxembourg,LUX,"GNI per capita, Atlas method (current US$)",NY.GNP.PCAP.CD,,,1630,1680,1870,1920,2020,2070,2240,2560,3030,3350,4070,5230,6890,7930,8510,9080,10650,12940,15480,15490,14930,13490,13060,13130,15610,20090,26020,28700,31500,35370,39210,40270,41570,46020,48610,50650,47100,46470,46460,45630,42630,46000,62800,73810,71580,86210,88000,71220,78220,76260,75450,75500,76470,72470,68670,66380,70840,73830,73500
Latvia,LVA,"GNI per capita, Atlas method (current US$)",NY.GNP.PCAP.CD,,,,,,,,,,,,,,,,,,,,,,,,,,,,,,,,,,,,,,2720,2860,2980,3320,3600,3930,4670,5830,7380,8910,11210,13490,14080,12620,13170,13890,14970,15330,15100,14780,14830,16520,17730,17590
"Macao SAR, China",MAC,"GNI per capita, Atlas method (current US$)",NY.GNP.PCAP.CD,,,,,,,,,,,,,,,,,,,,,,,,,4770,4600,5220,6510,7490,8080,8980,9990,12570,14310,16030,17430,17490,17330,15700,14640,14720,15760,16290,17840,22220,23950,26190,34150,33780,36100,45260,54490,60790,69510,72140,62090,63730,69980,76510,75610,
St. Martin (French part),MAF,"GNI per capita, Atlas method (current US$)",NY.GNP.PCAP.CD,,,,,,,,,,,,,,,,,,,,,,,,,,,,,,,,,,,,,,,,,,,,,,,,,,,,,,,,,,,,,
Morocco,MAR,"GNI per capita, Atlas method (current US$)",NY.GNP.PCAP.CD,,,,,,,,,220,240,250,270,290,350,440,540,580,600,650,780,980,960,940,790,730,680,770,860,1080,1110,1160,1240,1270,1230,1350,1300,1510,1460,1460,1410,1390,1400,1370,1540,1830,2070,2240,2380,2700,2880,2930,3000,2980,3090,3060,3020,2880,2880,3090,3200,2980
Monaco,MCO,"GNI per capita, Atlas method (current US$)",NY.GNP.PCAP.CD,,,,,,,,,,,,,,,,,,,,,,,,,,,,,,,,,,,,,,,,,,,,,,,,,,,,,,,,,,,,,
Moldova,MDA,"GNI per capita, Atlas method (current US$)",NY.GNP.PCAP.CD,,,,,,,,,,,,,,,,,,,,,,,,,,,,,,,,,,,,,,630,580,510,490,500,590,710,910,1120,1280,1440,1870,1950,2380,2730,3140,3620,3740,3300,3180,3330,3920,4580,4570
Madagascar,MDG,"GNI per capita, Atlas method (current US$)",NY.GNP.PCAP.CD,,,130,130,140,140,150,160,170,170,180,180,190,210,260,310,300,310,310,390,500,510,520,480,430,400,400,370,340,300,310,280,290,290,290,280,300,300,300,280,290,300,280,340,340,340,330,380,450,470,470,480,500,520,520,490,470,470,500,510,480
Maldives,MDV,"GNI per capita, Atlas method (current US$)",NY.GNP.PCAP.CD,,,,,,,,,,,,,,,,,,,,,,,,,,,,,,,,,,,,,,1760,1860,1980,2070,2240,2620,3400,3770,3460,4540,4480,5420,5460,5960,6600,6630,6800,7320,7650,8070,8600,9210,9670,6830
Middle East & North Africa,MEA,"GNI per capita, Atlas method (current US$)",NY.GNP.PCAP.CD,,,,,,,,,,,,,,,,,,,,,,,,,,,,,,,,,,,,2312.846259,2520.678574,2676.611286,2697.71267,2693.758204,2846.873386,2942.676337,2902.038151,3099.770809,3559.563781,4051.398255,4636.744067,5334.950971,6217.69819,6411.37562,6825.680384,7219.649391,8122.91011,8603.939814,8581.33227,7918.134856,7535.756153,7135.045496,7257.604862,7374.014955,6854.823016
Mexico,MEX,"GNI per capita, Atlas method (current US$)",NY.GNP.PCAP.CD,,,360,390,440,480,510,560,610,640,680,730,820,990,1210,1460,1540,1480,1590,1890,2560,3270,3000,2400,2200,2270,2080,2040,2090,2370,2790,3250,3770,4490,5310,4790,4620,4660,5000,5510,6210,6740,7100,7360,7820,8050,8690,9250,9780,8820,9040,9310,10050,10270,10500,10160,9390,8920,9180,9480,8480
Marshall Islands,MHL,"GNI per capita, Atlas method (current US$)",NY.GNP.PCAP.CD,,,,,,,,,,,,,,,,,,,,,,,,,,,,,,,,,,,,3070,2690,2590,2690,2830,2960,3110,3100,3130,3280,3440,3310,3450,3280,3470,3550,3570,3480,3880,4030,4250,4200,4390,4780,5010,
Middle income,MIC,"GNI per capita, Atlas method (current US$)",NY.GNP.PCAP.CD,,,134.3448291,145.0141957,159.8580519,174.1607521,182.4451985,182.3655378,187.2018989,203.9668348,221.0113908,233.7417067,252.4547536,303.0449884,375.0523591,442.6998009,463.3287986,482.5943274,519.4143941,596.4102385,684.286424,736.9683714,733.2060048,693.6582331,680.1972281,693.0098279,726.4298633,781.1806988,823.3792768,831.3235663,870.6457857,899.435436,940.5577016,964.1746533,991.8581878,1056.605091,1152.373132,1222.342043,1182.85753,1164.302363,1206.519818,1215.645769,1236.415172,1345.666585,1566.739421,1823.172196,2116.956825,2506.425052,2956.072447,3181.691581,3551.241079,3957.519386,4490.212111,4871.073368,5036.417329,4914.143362,4820.840103,4914.560896,5254.562096,5522.714799,5308.00317
North Macedonia,MKD,"GNI per capita, Atlas method (current US$)",NY.GNP.PCAP.CD,,,,,,,,,,,,,,,,,,,,,,,,,,,,,,,,,1750,1460,1400,1790,2190,2210,2010,1910,1910,1820,1820,2080,2560,2990,3310,3580,4330,4610,4710,4810,4740,5000,5200,5110,4980,4920,5490,5840,5720
Mali,MLI,"GNI per capita, Atlas method (current US$)",NY.GNP.PCAP.CD,,,,,,,,,,60,60,70,80,90,100,120,140,160,170,220,250,240,200,170,160,180,200,240,290,290,290,320,330,320,280,270,270,280,280,290,280,300,290,350,400,460,500,530,610,660,700,730,730,780,810,800,780,770,830,870,830
Malta,MLT,"GNI per capita, Atlas method (current US$)",NY.GNP.PCAP.CD,,,,,,,,,,,,,1090,1260,1560,1990,2120,2320,2660,3300,4280,4670,4550,3940,3830,3690,4000,4930,6260,6910,7600,7940,8720,8570,8600,9250,10010,10530,10260,10710,11400,10950,10710,12170,14100,15660,16350,17580,20410,20310,21370,22120,22160,23370,24560,25230,23590,24140,27090,28340,25370
Myanmar,MMR,"GNI per capita, Atlas method (current US$)",NY.GNP.PCAP.CD,,,,,,,,,,,,,,,,,,,,,,,,,,,,,,,,,,,,,,,,,,120,120,150,210,230,270,360,510,730,900,1040,1070,1120,1130,1160,1150,1200,1280,1360,1260
Middle East & North Africa (excluding high income),MNA,"GNI per capita, Atlas method (current US$)",NY.GNP.PCAP.CD,,,,,,,,,,,,,,,,,,,,,,,,,,,,,,,,,1086.318145,1050.437645,1075.852463,1108.556378,1260.540176,1366.607446,1415.999805,1460.746433,1532.682692,1572.872255,1544.347641,1596.635316,1808.787944,2045.185503,2326.111286,2727.199757,3226.781631,3532.761874,3837.990768,3933.47379,4400.062217,4557.161651,4430.9448,3997.014002,3922.978453,3700.911261,3517.391358,3385.481767,3037.217451
Montenegro,MNE,"GNI per capita, Atlas method (current US$)",NY.GNP.PCAP.CD,,,,,,,,,,,,,,,,,,,,,,,,,,,,,,,,,,,,,,,,,,,1970,2440,3100,3660,4320,5120,6470,6740,6920,7260,7000,7330,7320,7260,7090,7410,8450,9070,7900
Mongolia,MNG,"GNI per capita, Atlas method (current US$)",NY.GNP.PCAP.CD,,,,,,,,,,,,,,,,,,,,,,,,1440,1320,1230,1350,1520,1690,1590,1430,1200,810,510,430,460,550,580,520,480,470,480,530,610,760,900,1120,1410,1800,1790,2000,2590,3650,4330,4210,3820,3500,3230,3630,3790,3670
Northern Mariana Islands,MNP,"GNI per capita, Atlas method (current US$)",NY.GNP.PCAP.CD,,,,,,,,,,,,,,,,,,,,,,,,,,,,,,,,,,,,,,,,,,,,,,,,,,,,,,,,,,,,,
Mozambique,MOZ,"GNI per capita, Atlas method (current US$)",NY.GNP.PCAP.CD,,,,,,,,,,,,,,,,,,,,,,,,,,,,,,,,,,210,190,190,210,250,290,330,320,320,290,320,360,400,420,460,500,540,520,540,600,670,690,640,530,470,460,490,460
Mauritania,MRT,"GNI per capita, Atlas method (current US$)",NY.GNP.PCAP.CD,,,,180,230,260,260,270,290,280,290,280,290,340,480,510,540,550,570,640,710,720,670,640,610,580,610,670,740,760,730,810,920,970,870,900,970,870,830,820,730,650,650,710,800,940,1140,1220,1380,1450,1500,1600,1760,1850,1750,1640,1510,1500,1580,1660,1640
Mauritius,MUS,"GNI per capita, Atlas method (current US$)",NY.GNP.PCAP.CD,,,,,,,,,,,,,,,,,,,1010,1220,1240,1280,1190,1070,1030,1060,1250,1620,2060,2220,2430,2620,2990,3120,3230,3470,3780,3900,3780,3660,3900,3970,3960,4410,5170,5600,5930,6490,7400,7800,8080,8400,9550,10520,10820,10700,10640,10980,12270,12900,10230
Malawi,MWI,"GNI per capita, Atlas method (current US$)",NY.GNP.PCAP.CD,,,50,50,50,50,60,60,60,60,60,70,80,90,110,130,130,130,150,170,190,190,180,170,170,160,150,150,160,160,180,210,200,220,160,160,170,200,200,180,160,140,170,220,300,300,310,330,370,410,450,490,460,410,370,350,340,370,430,550,580
Malaysia,MYS,"GNI per capita, Atlas method (current US$)",NY.GNP.PCAP.CD,,,240,250,270,300,320,330,340,350,370,390,440,570,750,860,920,970,1130,1450,1790,1930,1860,1810,1950,1920,1860,1960,2140,2260,2400,2560,2880,3230,3600,4050,4500,4620,3640,3380,3460,3550,3790,4160,4740,5270,5840,6630,7510,7600,8260,9050,10180,10840,11140,10680,10150,9950,10650,11230,10580
North America,NAC,"GNI per capita, Atlas method (current US$)",NY.GNP.PCAP.CD,,,3189.420063,3317.454753,3503.457099,3762.668324,4066.822606,4235.283203,4594.950574,4911.526488,5063.473595,5434.239427,6066.951427,7043.431791,7711.565434,8214.049383,8648.6942,9256.637997,10385.46768,11773.71887,12913.12277,13853.28204,13709.97146,14046.10626,15624.6042,16835.90451,18419.87468,20615.81775,22630.91484,22875.80017,23149.65999,23355.90916,24713.78615,25400.47863,26624.66224,27959.85501,29149.50574,30110.61089,30855.92523,32450.15615,34661.79515,35377.41303,35975.53367,38405.80136,42182.69265,45076.38456,46963.57916,47974.0185,48663.34734,47306.43111,48558.0562,50254.56336,52598.12074,53827.68423,55483.96413,55835.12629,55937.10805,57798.06244,61632.71925,63921.6056,62367.1625
Namibia,NAM,"GNI per capita, Atlas method (current US$)",NY.GNP.PCAP.CD,,,,,,,,,,,,,,,,,,,,,,,1980,1840,1670,1320,1340,1600,1690,1850,1990,2150,2300,2200,2270,2460,2510,2500,2370,2240,2240,2090,2010,2280,2900,3530,4030,4230,4320,4250,4500,5130,5730,5950,5790,5310,4740,4620,4950,5180,4520
New Caledonia,NCL,"GNI per capita, Atlas method (current US$)",NY.GNP.PCAP.CD,,,,,,,,1830,2160,2520,3220,3420,3780,3990,5270,6400,6440,6580,6980,6900,7980,7940,7160,5920,5480,5510,6170,8070,13270,14530,14760,15200,16070,16340,16780,18220,18240,17810,15730,14810,14020,,,,,,,,,,,,,,,,,,,,
Niger,NER,"GNI per capita, Atlas method (current US$)",NY.GNP.PCAP.CD,,,150,160,160,170,170,170,160,150,150,160,150,160,210,230,220,230,280,350,410,390,360,290,210,220,250,270,330,320,340,360,420,390,300,260,240,240,250,240,220,220,220,250,280,330,360,380,440,480,520,520,550,570,590,560,530,520,570,600,540
Nigeria,NGA,"GNI per capita, Atlas method (current US$)",NY.GNP.PCAP.CD,,,100,110,110,110,110,100,100,120,170,180,200,220,340,400,510,560,560,640,760,970,1260,1450,1130,970,790,710,680,550,560,510,510,360,310,310,390,440,440,460,470,530,630,710,870,1030,1350,1610,1960,2040,2140,2180,2440,2690,2940,2820,2430,2090,1960,2030,2000
Nicaragua,NIC,"GNI per capita, Atlas method (current US$)",NY.GNP.PCAP.CD,,,140,150,160,200,230,290,290,310,310,320,330,380,510,570,600,680,650,500,600,660,680,680,700,690,750,860,680,360,310,220,240,290,450,610,880,880,880,930,960,970,960,1000,1080,1160,1200,1290,1390,1380,1460,1570,1670,1740,1830,1890,1960,2030,1970,1900,1850
Netherlands,NLD,"GNI per capita, Atlas method (current US$)",NY.GNP.PCAP.CD,,,1220,1310,1460,1700,1840,2000,2230,2550,2890,3290,3850,5070,6370,7630,8350,9100,10460,12760,14830,14000,12350,11070,10730,10330,11690,14720,18570,19540,20320,21280,23520,24040,25370,27690,29750,29800,28260,28670,28810,27390,27020,30950,37280,42050,45910,49110,52670,53670,53910,54480,52940,52950,51980,49820,46900,47110,51250,53180,51060
Norway,NOR,"GNI per capita, Atlas method (current US$)",NY.GNP.PCAP.CD,,,1610,1710,1860,2050,2240,2470,2630,2850,3120,3570,4230,5320,6750,8380,9150,9960,11110,13110,15650,16410,15750,14930,15140,15710,17550,20830,23970,25080,26500,27820,30780,30210,30850,32690,35790,37910,36100,35540,36540,38220,39890,44750,54140,63830,70020,78470,87470,87830,88490,90330,99110,104190,104370,92910,81370,75650,80320,81620,78180
Nepal,NPL,"GNI per capita, Atlas method (current US$)",NY.GNP.PCAP.CD,,,50,50,50,50,70,80,70,70,70,70,80,80,100,110,120,120,120,130,140,160,150,140,160,160,170,180,200,210,210,210,200,190,200,200,210,220,210,220,230,240,240,260,280,310,340,370,430,480,540,630,770,860,880,890,880,990,1120,1230,1190
Nauru,NRU,"GNI per capita, Atlas method (current US$)",NY.GNP.PCAP.CD,,,,,,,,,,,,,,,,,,,,,,,,,,,,,,,,,,,,,,,,,,,,,,,,,,,,,8870,13000,14920,13690,12730,12370,14320,16630,
New Zealand,NZL,"GNI per capita, Atlas method (current US$)",NY.GNP.PCAP.CD,,,,,,,,,,,,,,,,,,,,6530,7670,8240,7860,7370,7010,6950,7860,10010,12550,13570,13640,12160,12050,12360,13400,15280,16730,17160,15790,15040,14080,13810,14170,16960,21500,25440,26400,28150,28630,29690,29680,32230,36700,39930,41680,40650,39440,38910,41680,42870,41330
OECD members,OED,"GNI per capita, Atlas method (current US$)",NY.GNP.PCAP.CD,,,1444.234251,1529.604244,1643.941552,1779.337065,1935.880024,2055.013156,2248.13612,2441.223018,2583.921686,2809.68937,3212.290328,3917.941839,4566.058834,5099.706835,5377.017522,5751.894551,6563.496776,7864.478326,9071.128552,9433.767623,8957.563525,8553.905019,8843.813511,9254.522609,10402.29869,12464.75857,15140.97869,15930.49746,16664.95712,17317.01924,18794.659,19269.84013,20214.31753,21527.83242,22550.12304,22630.26937,21828.04339,22105.52314,23062.84615,23034.24856,22898.48754,24625.71727,28064.07434,30902.78043,32425.61751,33679.9384,35063.29743,34424.09709,35347.38005,36498.02042,37645.96346,38286.03184,38407.41037,37296.04939,36406.83198,36591.39844,38922.75845,40090.83741,38528.11014
Oman,OMN,"GNI per capita, Atlas method (current US$)",NY.GNP.PCAP.CD,,,,,,,,160,230,280,320,330,360,310,700,1510,2770,2720,2650,3070,3960,5480,6210,6160,6320,6560,5930,5390,5210,5660,5710,6040,6510,6280,6160,6270,6470,6810,6530,6370,7070,7830,8000,8290,9410,10690,12660,14560,17430,17740,17600,17010,19360,20310,19010,17450,15750,13970,14110,14150,
Other small states,OSS,"GNI per capita, Atlas method (current US$)",NY.GNP.PCAP.CD,,,,,,,,,,,,,,,,,,,,,,,,,,,,,,,,,,,,,,,,,,,4215.092798,4715.482385,5716.907315,6868.516004,8311.724779,9780.216144,11192.85467,11037.20011,11528.74994,12478.96427,13806.63014,14885.43739,15105.41402,14108.14282,12969.55052,12255.12202,13015.88116,13599.62942,12374.34642
Pakistan,PAK,"GNI per capita, Atlas method (current US$)",NY.GNP.PCAP.CD,,,90,100,100,110,120,130,150,160,170,180,170,150,150,160,180,200,240,270,320,350,360,350,350,340,360,370,400,400,400,400,430,440,440,470,480,470,450,440,480,510,530,570,660,740,800,860,920,950,970,1030,1120,1210,1230,1260,1310,1400,1480,1410,1280
Panama,PAN,"GNI per capita, Atlas method (current US$)",NY.GNP.PCAP.CD,,,490,530,550,590,630,670,710,770,810,890,960,1090,1220,1370,1350,1360,1570,1760,2200,2410,2590,2530,2530,2820,2860,3280,2740,2570,2660,2730,3020,3260,3440,3470,3560,3600,3690,3760,3910,3840,3970,4110,4510,4790,5100,5770,6540,6900,7260,8550,9540,10630,11190,12200,12780,13750,14480,14900,11880
Peru,PER,"GNI per capita, Atlas method (current US$)",NY.GNP.PCAP.CD,,,290,300,340,380,450,490,470,480,500,560,630,740,930,1080,1070,1020,870,910,1020,1170,1130,920,890,840,840,950,790,790,840,1220,1420,1550,1760,1950,2150,2280,2150,2030,1970,1900,1960,2080,2280,2540,2810,3210,3790,3970,4410,4970,5790,6420,6530,6340,6110,6060,6470,6790,6010
Philippines,PHL,"GNI per capita, Atlas method (current US$)",NY.GNP.PCAP.CD,,,220,190,170,180,200,210,220,240,220,220,220,260,320,380,420,450,500,590,700,750,740,680,570,520,540,600,660,700,720,730,770,820,920,1020,1160,1230,1200,1180,1150,1160,1130,1170,1290,1380,1490,1720,2000,2170,2370,2520,2860,3160,3330,3380,3450,3530,3710,3850,3430
Palau,PLW,"GNI per capita, Atlas method (current US$)",NY.GNP.PCAP.CD,,,,,,,,,,,,,,,,,,,,,,,,,,,,,,,,,,,,,,,,,,,9200,8810,9420,10350,10830,11780,11800,11090,11400,12270,12760,12870,14150,15860,16680,16650,17810,16500,
Papua New Guinea,PNG,"GNI per capita, Atlas method (current US$)",NY.GNP.PCAP.CD,,,110,120,120,140,150,160,180,200,220,240,270,350,440,490,470,470,570,640,710,720,650,610,600,610,640,690,790,800,740,790,840,980,1030,950,930,850,720,630,570,510,480,470,540,650,790,1070,1400,1510,1740,1820,2270,2500,2990,2860,2710,2590,2600,2750,2660
Poland,POL,"GNI per capita, Atlas method (current US$)",NY.GNP.PCAP.CD,,,,,,,,,,,,,,,,,,,,,,,,,,,,,,,,,2080,2480,2760,3240,3830,4230,4350,4430,4670,4710,4900,5500,6250,7340,8460,9940,11980,12500,12740,12890,13160,13390,13560,13310,12720,12730,14150,15350,15270
Pre-demographic dividend,PRE,"GNI per capita, Atlas method (current US$)",NY.GNP.PCAP.CD,,,,,,,,,,,,,,,,,,,,,605.9004831,648.6127126,687.8326329,675.712194,586.5822099,558.5305683,553.0937673,591.9743235,611.4813091,577.9152624,703.2426674,391.2783806,377.040969,324.0501351,291.444787,300.0352872,330.3174164,371.6543056,377.8755368,396.5406443,413.5746501,432.996819,452.8126219,467.0415574,575.363271,664.4696161,801.3970058,952.4990152,1162.534812,1246.21987,1320.248181,1366.998395,1540.58237,1671.371077,1748.022597,1653.031431,1502.601598,1374.429652,1374.373352,1428.262414,1345.161546
Puerto Rico,PRI,"GNI per capita, Atlas method (current US$)",NY.GNP.PCAP.CD,,,820,900,960,1060,1160,1240,1370,1560,1750,1910,2100,2380,2590,2660,2650,2740,2980,3390,3720,3890,3770,3670,3970,4280,4750,5350,5860,6050,5950,6300,6760,7100,7370,7820,8130,8510,8690,9590,10550,10950,11250,12170,14260,14750,15030,15860,16360,16580,16920,17670,18680,19170,19280,19420,19710,20000,21080,22060,21740
"Korea, Dem. People's Rep.",PRK,"GNI per capita, Atlas method (current US$)",NY.GNP.PCAP.CD,,,,,,,,,,,,,,,,,,,,,,,,,,,,,,,,,,,,,,,,,,,,,,,,,,,,,,,,,,,,,
Portugal,PRT,"GNI per capita, Atlas method (current US$)",NY.GNP.PCAP.CD,,,410,430,470,520,570,640,730,790,950,1070,1270,1700,2070,2210,2330,2430,2530,2870,3350,3420,3230,2830,2520,2530,3080,4160,5630,6320,7130,8180,9860,10100,10450,11210,12100,12370,12190,12260,12170,11830,11750,13260,16140,18580,19390,20850,22590,22920,22960,22720,21150,21370,21190,20440,19930,20040,22030,23150,22000
Paraguay,PRY,"GNI per capita, Atlas method (current US$)",NY.GNP.PCAP.CD,,,,,,,,,,,,,,,,,,,,,,,,,,,,,,,,,,,,1680,1840,1840,1730,1600,1440,1410,1330,1230,1350,1520,1840,2320,3080,3450,4070,4480,4750,5510,5810,5640,5400,5370,5600,5510,5140
West Bank and Gaza,PSE,"GNI per capita, Atlas method (current US$)",NY.GNP.PCAP.CD,,,,,,,,,,,,,,,,,,,,,,,,,,,,,,,,,,,,,1470,1630,1780,1800,1550,1370,1190,1370,1640,1780,1710,1790,2040,2250,2510,2880,3210,3470,3560,3670,3900,3930,4190,4270,3710
Pacific island small states,PSS,"GNI per capita, Atlas method (current US$)",NY.GNP.PCAP.CD,,,,,,,,,,,,,,,,,,,,,,,1463.474499,1314.853537,1353.500689,1292.533891,1408.542282,1399.198165,1436.567133,1449.417284,1477.572454,1482.22071,1644.092741,1718.884352,1851.695207,2046.733777,2180.876969,2135.488306,1983.86494,1987.705156,1892.012745,1827.898048,1791.209592,1921.909127,2255.512575,2577.379274,2652.746602,2809.401015,2978.214412,2945.335308,2943.995777,3104.840129,3351.567524,3734.687636,3871.347944,3898.531572,3931.014826,3994.72623,4280.694656,4331.335873,3726.929858
Post-demographic dividend,PST,"GNI per capita, Atlas method (current US$)",NY.GNP.PCAP.CD,,,1514.868579,1606.389949,1728.339854,1874.568682,2043.359723,2173.966318,2382.110832,2593.996394,2751.634804,3000.248405,3441.966148,4210.64292,4907.852293,5489.19457,5798.901949,6227.89826,7128.798255,8555.032716,9865.798012,10236.80792,9768.735614,9397.963665,9777.486258,10263.47952,11609.08535,13982.52791,17068.01456,17978.76323,18789.12962,19555.79536,21210.87864,21700.60821,22745.74565,24308.94667,25520.73368,25638.94721,24679.34994,25005.52572,26056.07023,26071.54452,25922.87607,27955.92377,31917.7058,35156.59666,36850.36359,38219.31577,39746.49763,39118.60541,40223.67589,41582.3472,42867.23759,43610.27823,43774.92865,42565.47184,41751.78109,42168.50882,45027.95285,46523.97541,44885.13213
French Polynesia,PYF,"GNI per capita, Atlas method (current US$)",NY.GNP.PCAP.CD,,,,,,,,2090,2520,2430,2400,2640,2660,3320,4580,5100,5590,5890,6760,7980,9140,9600,9130,8190,8030,8340,10250,13000,15360,14940,15270,16030,17260,17400,17470,17920,17780,17250,16660,16170,15770,,,,,,,,,,,,,,,,,,,,
Qatar,QAT,"GNI per capita, Atlas method (current US$)",NY.GNP.PCAP.CD,,,,,,,,,,,,,,,,,,,,,,,,,,,,,,,,,,,,,,,,,,,28400,30680,36160,38260,50810,58030,65580,61250,63620,66950,72880,79390,80890,73440,64550,56920,58830,61180,56210
Romania,ROU,"GNI per capita, Atlas method (current US$)",NY.GNP.PCAP.CD,,,,,,,,,,,,,,,,,,,,,,,,,,,,,,,,,1250,1190,1270,1490,1640,1590,1580,1610,1710,1760,1950,2250,2960,3880,4900,6390,8800,9220,8640,8650,8760,9320,9700,9600,9620,10110,11430,12610,12570
Russian Federation,RUS,"GNI per capita, Atlas method (current US$)",NY.GNP.PCAP.CD,,,,,,,,,,,,,,,,,,,,,,,,,,,,,,,,3440,3090,2920,2650,2640,2600,2650,2130,1750,1710,1780,2100,2590,3410,4450,5810,7560,9580,9230,9980,11060,13490,15190,14630,11780,9730,9210,10250,11250,10690
Rwanda,RWA,"GNI per capita, Atlas method (current US$)",NY.GNP.PCAP.CD,,,40,40,40,40,40,50,50,50,60,60,60,70,80,100,130,160,180,230,270,280,270,260,250,260,290,320,350,350,350,320,340,310,150,210,220,260,260,280,280,270,260,250,270,320,360,410,490,550,600,650,700,720,740,750,740,730,780,830,780
South Asia,SAS,"GNI per capita, Atlas method (current US$)",NY.GNP.PCAP.CD,,,86.67047607,93.94381913,104.557806,109.3369254,105.3871909,106.5784504,103.9898574,111.3513662,117.9773509,121.9108025,125.7766012,141.9911037,164.5321073,187.6641215,181.741679,184.7031729,203.5334976,222.2445949,267.0383044,293.2119375,287.2702426,281.2284213,279.3341412,288.9465511,308.49671,343.5494876,381.4923385,378.9012241,375.4349662,347.971187,349.7009228,335.4148507,349.2887208,374.6816415,406.1583854,414.1460722,415.4553542,435.8322579,445.1202017,454.6663114,461.4257826,513.937068,599.6663068,688.3269944,762.1388054,871.0159769,949.1960289,1053.020394,1147.131888,1277.136126,1390.227472,1437.195866,1480.772048,1525.851613,1603.4678,1733.82187,1904.508456,1996.42412,1820.600301
Saudi Arabia,SAU,"GNI per capita, Atlas method (current US$)",NY.GNP.PCAP.CD,,,,,,,,,,,930,1000,1150,1600,3160,4500,8020,8770,8890,11170,14270,16530,13970,11320,10130,9010,9140,7700,7630,7080,7390,8310,8500,8050,7720,7810,8030,8230,8010,7650,8150,8520,8370,9480,11040,12650,14160,15800,18460,17900,18750,20880,24040,25440,25550,23710,21610,19990,21610,22840,21930
Sudan,SDN,"GNI per capita, Atlas method (current US$)",NY.GNP.PCAP.CD,,,140,140,140,140,140,140,150,160,170,180,190,220,290,380,440,480,460,490,480,500,470,430,380,390,540,790,780,720,530,450,340,310,320,400,400,380,340,330,340,350,380,430,500,600,700,910,1080,1150,1320,1360,1520,1400,1490,1540,1500,1310,1040,820,650
Senegal,SEN,"GNI per capita, Atlas method (current US$)",NY.GNP.PCAP.CD,,,,,,,,,340,310,320,320,350,370,450,560,600,590,580,720,840,840,770,600,560,560,640,830,950,940,920,930,980,930,770,740,700,710,690,690,670,650,630,730,870,990,1030,1100,1250,1330,1330,1300,1320,1340,1370,1320,1270,1280,1390,1430,1430
Singapore,SGP,"GNI per capita, Atlas method (current US$)",NY.GNP.PCAP.CD,,,490,530,510,540,590,660,750,850,970,1090,1280,1600,2090,2660,2930,3020,3370,3990,4730,5380,5680,6170,6930,7100,7330,8080,9320,10320,11450,12970,15270,17710,20780,23630,25620,27730,24010,23360,23680,22130,22000,23440,26150,28820,32550,36010,37230,37320,44930,48290,51740,54480,56380,53160,53060,54460,56900,58390,54920
Solomon Islands,SLB,"GNI per capita, Atlas method (current US$)",NY.GNP.PCAP.CD,,,,,,,,,,,,,,,,,,,,,,,760,710,670,610,580,590,600,590,630,660,800,860,1000,1200,1320,1310,1230,1160,980,920,830,860,900,980,1040,1120,1230,1310,1470,1620,1820,2160,2200,2130,2150,2220,2360,2370,2300
Sierra Leone,SLE,"GNI per capita, Atlas method (current US$)",NY.GNP.PCAP.CD,,,,,150,160,150,140,140,150,160,160,170,190,220,250,220,210,240,310,370,360,350,300,290,240,170,180,170,210,190,170,130,160,160,180,210,200,170,150,140,150,200,270,280,290,300,360,420,440,420,430,530,660,700,550,490,520,490,540,490
El Salvador,SLV,"GNI per capita, Atlas method (current US$)",NY.GNP.PCAP.CD,,,,,,,,300,300,300,310,320,350,380,440,480,530,610,710,780,760,730,680,670,690,720,760,820,860,860,900,930,1060,1170,1290,1480,1590,1690,1750,1810,1900,1950,2000,2130,2270,2420,2570,2680,2870,2820,2880,3060,3210,3350,3400,3440,3510,3600,3820,3990,3650
San Marino,SMR,"GNI per capita, Atlas method (current US$)",NY.GNP.PCAP.CD,,,,,,,,,,,,,,,,,,,,,,,,,,,,,,,,,,,,,,,,,,,,,,,,,,,,,,,,,,,,,
Somalia,SOM,"GNI per capita, Atlas method (current US$)",NY.GNP.PCAP.CD,,,70,70,70,70,80,90,90,90,100,100,120,140,130,190,180,160,130,110,100,110,110,100,110,120,130,150,150,150,130,,,,,,,,,,,,,,,,,,,,,,,,,290,290,290,310,320,310
Serbia,SRB,"GNI per capita, Atlas method (current US$)",NY.GNP.PCAP.CD,,,,,,,,,,,,,,,,,,,,,,,,,,,,,,,,,,,,,,2990,2990,2610,1610,1540,1520,2390,3250,3830,4200,4830,6030,6450,6220,6190,6080,6460,6240,5960,5700,5570,6410,7030,7400
Sub-Saharan Africa (excluding high income),SSA,"GNI per capita, Atlas method (current US$)",NY.GNP.PCAP.CD,,,116.8604623,123.5643584,129.4225013,136.8920858,142.1173025,145.788358,152.164613,164.9119709,185.5744063,197.7787098,210.9401456,244.2245777,319.5460004,373.1860378,400.1620084,411.6133096,433.0419953,506.7628061,604.7540345,695.9110307,730.7872086,719.35953,632.0318332,570.2623817,547.9835875,585.5790461,635.3097679,621.4894866,607.3454202,615.7753315,621.029217,586.7038564,561.0822083,574.2032616,592.3007211,607.3079347,572.855045,561.790372,555.2480572,549.2547148,558.2192877,608.2662177,738.4179031,901.5541119,1046.408788,1177.893441,1329.081624,1375.90188,1448.769845,1531.113439,1672.718973,1757.175736,1806.665849,1717.029714,1570.362535,1489.973632,1518.250311,1560.70403,1479.333523
South Sudan,SSD,"GNI per capita, Atlas method (current US$)",NY.GNP.PCAP.CD,,,,,,,,,,,,,,,,,,,,,,,,,,,,,,,,,,,,,,,,,,,,,,,,,,,,810,850,1160,1250,1090,,,,,
Sub-Saharan Africa,SSF,"GNI per capita, Atlas method (current US$)",NY.GNP.PCAP.CD,,,116.8880355,123.5949544,129.4547787,136.9216048,142.1534445,145.8206088,152.1947999,164.9352731,185.5953044,197.8083356,210.9808758,244.2842771,319.6144352,373.258535,400.2349506,411.6745629,433.1527765,506.9611878,604.9885424,696.151452,731.0103401,719.5598867,632.2516135,570.5320482,548.2874989,585.9509547,635.7763166,622.0296619,607.9438263,616.3869948,621.7325409,587.4626751,561.8658501,574.9661623,593.0877732,608.1573476,573.7016477,562.6295754,556.0730836,550.0626576,558.9737581,609.061336,739.3752365,902.6765897,1047.665416,1179.075735,1330.124377,1376.816003,1449.675627,1531.997576,1673.667874,1758.219181,1807.75354,1718.184159,1571.498863,1491.148795,1519.501511,1561.973197,1480.307504
Small states,SST,"GNI per capita, Atlas method (current US$)",NY.GNP.PCAP.CD,,,,,,,,,,,,,,,,,,,,,,,,,,,,,,,,,,,,,,,,,,,4272.3442,4740.315777,5617.21217,6587.555862,7796.375251,9028.549383,10266.60846,10087.27116,10482.37848,11176.49521,12326.39269,13247.39517,13421.39407,12683.91561,11751.27361,11220.61591,11876.60357,12404.72207,11237.57983
Sao Tome and Principe,STP,"GNI per capita, Atlas method (current US$)",NY.GNP.PCAP.CD,,,,,,,,,,,,,,,,,,,,,,,,,,,,,,,,,,,,,,,,,,,,600,700,820,940,960,1020,1060,1130,1180,1230,1430,1630,1650,1690,1700,1870,1950,2070
Suriname,SUR,"GNI per capita, Atlas method (current US$)",NY.GNP.PCAP.CD,,,270,230,250,370,450,510,520,530,570,610,690,770,980,1320,1420,1640,1930,2170,2290,2640,2510,2320,2340,2380,2460,2520,2980,2230,1420,1140,1040,970,1100,1320,1630,1840,2050,1950,1970,1670,1930,2200,2820,3320,4040,5050,6330,6960,7620,7920,8550,8950,9260,8890,6930,5930,5960,6340,5510
Slovak Republic,SVK,"GNI per capita, Atlas method (current US$)",NY.GNP.PCAP.CD,,,,,,,,,,,,,,,,,,,,,,,,,,,,,,,,,,,,4220,5020,5420,5430,5380,5530,5720,6020,6960,9030,11350,12940,14930,17250,17100,17430,17440,17800,18250,18310,17670,16790,16600,18300,19200,18700
Slovenia,SVN,"GNI per capita, Atlas method (current US$)",NY.GNP.PCAP.CD,,,,,,,,,,,,,,,,,,,,,,,,,,,,,,,,,,,,,,11240,11000,11320,11270,10950,10920,12630,15610,18310,19820,21790,24620,24380,24540,24580,23250,23230,23610,22250,21770,22120,24580,25930,24800
Sweden,SWE,"GNI per capita, Atlas method (current US$)",NY.GNP.PCAP.CD,,,2310,2490,2740,2960,3190,3460,3770,4100,4690,4990,5670,7050,8580,10160,10720,11290,12460,14790,17300,17530,15760,13550,13020,13080,15330,19360,24190,26090,27760,29110,31340,28200,27690,28070,30400,31390,31110,31300,31610,29720,29090,32750,39790,45770,49150,52310,55720,52640,54630,56700,59090,61800,61870,58420,54360,53030,55640,56410,54060
Eswatini,SWZ,"GNI per capita, Atlas method (current US$)",NY.GNP.PCAP.CD,,,,,,,,,,,,,300,370,470,,,,,,,,,,,,,,,,1290,1350,1570,1580,1570,1820,1930,1960,1740,1730,1670,1700,1570,1700,2160,3080,3300,3480,3360,3320,3460,3860,4310,4420,4130,3800,3450,3390,3620,3670,3580
Sint Maarten (Dutch part),SXM,"GNI per capita, Atlas method (current US$)",NY.GNP.PCAP.CD,,,,,,,,,,,,,,,,,,,,,,,,,,,,,,,,,,,,,,,,,,,,,,,,,,,,,,27540,28670,29560,30890,28210,27680,,
Seychelles,SYC,"GNI per capita, Atlas method (current US$)",NY.GNP.PCAP.CD,,,290,310,330,320,360,350,350,330,350,410,480,630,770,870,910,870,1170,1760,2110,2300,2290,2190,2220,2490,2740,3200,3970,4540,5030,5200,6000,6390,6530,6460,6740,7330,7320,7290,7290,7310,6850,7490,9280,11140,12580,12280,11180,10230,10220,10570,11540,12700,13350,14020,13840,14350,15440,15930,12720
Syrian Arab Republic,SYR,"GNI per capita, Atlas method (current US$)",NY.GNP.PCAP.CD,,,250,230,250,270,250,280,300,370,360,410,500,500,710,970,1090,1050,1170,1280,1570,1760,1750,1710,1650,1700,1480,1270,1190,890,910,990,1110,1070,970,900,850,850,920,890,970,1110,1210,1240,1380,1510,1620,1820,,,,,,,,,,,,,
Turks and Caicos Islands,TCA,"GNI per capita, Atlas method (current US$)",NY.GNP.PCAP.CD,,,,,,,,,,,,,,,,,,,,,,,,,,,,,,,,,,,,,,,,,,,,,,,,,,,,,,,23280,25530,27300,26200,28340,30700,
Chad,TCD,"GNI per capita, Atlas method (current US$)",NY.GNP.PCAP.CD,,,110,110,110,120,120,130,130,140,140,140,150,160,190,230,220,230,240,220,240,230,210,190,180,210,210,210,270,270,270,290,330,240,220,210,200,210,220,200,180,190,200,210,340,470,530,630,700,830,910,890,960,970,980,880,730,640,680,700,660
East Asia & Pacific (IDA & IBRD countries),TEA,"GNI per capita, Atlas method (current US$)",NY.GNP.PCAP.CD,,,72.06787391,78.38852956,87.13698108,98.72505437,106.8125584,100.7461448,97.54525359,109.3023354,122.4299117,125.8775431,132.9345853,160.510175,187.8743046,218.5910419,213.7706451,227.3501223,241.1783077,266.2784414,294.3289991,311.3910163,310.9348046,306.8755237,325.2143086,347.9398879,369.5073414,385.951937,405.6667441,407.4517231,423.0388219,453.464452,503.5600837,546.9852505,614.0919498,706.4145883,822.2197439,891.131618,836.7173495,861.0860604,920.1446069,992.7986453,1075.270934,1222.502545,1438.50677,1653.75057,1914.106367,2298.053806,2800.972848,3251.2891,3800.520003,4389.053482,5127.284427,5765.997875,6273.899727,6538.037669,6748.783851,7090.636189,7768.566898,8371.183242,8450.160853
Europe & Central Asia (IDA & IBRD countries),TEC,"GNI per capita, Atlas method (current US$)",NY.GNP.PCAP.CD,,,,,,,,,,,,,,,,,,,,,,,,,,,,,,,,2544.154102,2398.328207,2344.547586,2072.324091,2080.533058,2129.633501,2230.70648,2101.989114,1986.218999,2082.589158,2012.924173,2175.649456,2544.890792,3258.349919,4128.225152,5048.430434,6208.161513,7571.595296,7533.210973,7988.839303,8568.56415,9659.526133,10543.40301,10479.25734,9251.920948,8189.151269,7926.813722,8439.803007,8897.699364,8560.663192
Togo,TGO,"GNI per capita, Atlas method (current US$)",NY.GNP.PCAP.CD,,,90,90,100,110,120,120,130,140,130,130,140,170,220,260,270,290,330,350,420,390,320,250,230,230,250,310,390,400,400,400,420,330,310,300,310,350,330,310,310,290,300,350,390,400,410,420,470,530,560,610,590,620,640,640,670,720,880,920,920
Thailand,THA,"GNI per capita, Atlas method (current US$)",NY.GNP.PCAP.CD,,,110,120,130,140,160,170,180,190,210,210,220,260,330,380,420,450,530,610,710,760,760,760,790,790,830,950,1160,1320,1490,1660,1880,2130,2400,2740,2950,2680,2080,1980,1980,1960,1990,2180,2530,2790,3100,3530,3970,4140,4580,4950,5520,5720,5760,5710,5700,5970,6610,7260,7050
Tajikistan,TJK,"GNI per capita, Atlas method (current US$)",NY.GNP.PCAP.CD,,,,,,,,,,,,,,,,,,,,,,,,,,,,,,,,,280,240,220,210,170,170,180,180,170,160,170,210,270,380,470,580,750,800,920,1020,1150,1330,1350,1260,1110,1030,1030,1070,1060
Turkmenistan,TKM,"GNI per capita, Atlas method (current US$)",NY.GNP.PCAP.CD,,,,,,,,,,,,,,,,,,,,,,,,,,,,,,,,,,840,530,620,610,550,560,620,600,650,750,990,1310,1590,1890,2320,3040,3550,4070,4730,5560,6510,7200,7030,6830,6380,6740,7220,
Latin America & the Caribbean (IDA & IBRD countries),TLA,"GNI per capita, Atlas method (current US$)",NY.GNP.PCAP.CD,,,,,,,478.1018164,488.7358137,523.5673443,556.5998436,591.0631933,648.0187992,713.8998154,874.6850181,1112.035965,1282.509308,1350.594658,1392.006478,1519.103278,1790.787524,2114.12364,2278.155251,2155.792151,1890.548685,1791.290724,1756.717875,1825.32877,1956.218692,2072.139273,2180.513434,2288.944949,2662.344398,2963.133703,3202.435825,3433.263559,3656.011554,3963.039854,4259.457889,4241.986077,4024.5695,4109.420593,3983.732844,3721.098655,3696.92792,4000.61164,4491.3275,5189.827061,6078.05265,7031.041165,7204.450765,8005.264969,8845.053672,9770.511833,10179.73754,10066.69936,9070.101421,8331.841254,8206.432549,8525.198114,8621.685607,7487.674532
Timor-Leste,TLS,"GNI per capita, Atlas method (current US$)",NY.GNP.PCAP.CD,,,,,,,,,,,,,,,,,,,,,,,,,,,,,,,,,,,,,,,,,,,750,670,780,930,1310,1840,2970,2330,2850,3710,3630,3200,2690,2200,1750,1780,1800,2020,1830
Middle East & North Africa (IDA & IBRD countries),TMN,"GNI per capita, Atlas method (current US$)",NY.GNP.PCAP.CD,,,,,,,,,,,,,,,,,,,,,,,,,,,,,,,,,1083.515877,1047.937051,1073.521226,1106.407518,1258.403986,1363.849444,1412.139987,1457.04657,1532.444611,1575.122326,1548.214379,1599.207642,1810.79947,2048.258603,2333.054207,2737.713186,3240.276328,3547.46784,3853.32105,3945.75523,4414.050513,4569.956106,4441.257532,4000.91052,3923.239259,3698.150417,3509.243371,3374.540727,3028.929657
Tonga,TON,"GNI per capita, Atlas method (current US$)",NY.GNP.PCAP.CD,,,,,,,,,,,,,,,,,,,,,,,,690,690,720,770,870,1070,1160,1220,1350,1450,1530,1820,2090,2370,2340,2240,2170,2080,2030,2000,2000,2160,2410,2720,2900,3270,3180,3370,3810,4320,4540,4600,4440,4410,4590,4800,5000,
South Asia (IDA & IBRD),TSA,"GNI per capita, Atlas method (current US$)",NY.GNP.PCAP.CD,,,86.67047607,93.94381913,104.557806,109.3369254,105.3871909,106.5784504,103.9898574,111.3513662,117.9773509,121.9108025,125.7766012,141.9911037,164.5321073,187.6641215,181.741679,184.7031729,203.5334976,222.2445949,267.0383044,293.2119375,287.2702426,281.2284213,279.3341412,288.9465511,308.49671,343.5494876,381.4923385,378.9012241,375.4349662,347.971187,349.7009228,335.4148507,349.2887208,374.6816415,406.1583854,414.1460722,415.4553542,435.8322579,445.1202017,454.6663114,461.4257826,513.937068,599.6663068,688.3269944,762.1388054,871.0159769,949.1960289,1053.020394,1147.131888,1277.136126,1390.227472,1437.195866,1480.772048,1525.851613,1603.4678,1733.82187,1904.508456,1996.42412,1820.600301
Sub-Saharan Africa (IDA & IBRD countries),TSS,"GNI per capita, Atlas method (current US$)",NY.GNP.PCAP.CD,,,116.8880355,123.5949544,129.4547787,136.9216048,142.1534445,145.8206088,152.1947999,164.9352731,185.5953044,197.8083356,210.9808758,244.2842771,319.6144352,373.258535,400.2349506,411.6745629,433.1527765,506.9611878,604.9885424,696.151452,731.0103401,719.5598867,632.2516135,570.5320482,548.2874989,585.9509547,635.7763166,622.0296619,607.9438263,616.3869948,621.7325409,587.4626751,561.8658501,574.9661623,593.0877732,608.1573476,573.7016477,562.6295754,556.0730836,550.0626576,558.9737581,609.061336,739.3752365,902.6765897,1047.665416,1179.075735,1330.124377,1376.816003,1449.675627,1531.997576,1673.667874,1758.219181,1807.75354,1718.184159,1571.498863,1491.148795,1519.501511,1561.973197,1480.307504
Trinidad and Tobago,TTO,"GNI per capita, Atlas method (current US$)",NY.GNP.PCAP.CD,,,640,750,800,820,760,770,790,810,830,870,1000,1200,1500,2170,2530,2810,3360,3940,5140,6060,6710,6120,6030,5900,5090,4280,3930,3630,3710,3890,4420,4080,3880,3970,4230,4500,4620,4890,5400,6070,6760,8070,9700,11190,13280,15000,17350,16200,16460,14970,16840,18750,18560,18910,16880,15980,15990,16580,15410
Tunisia,TUN,"GNI per capita, Atlas method (current US$)",NY.GNP.PCAP.CD,,,,,,,,220,250,260,270,310,400,460,610,760,810,850,940,1130,1360,1420,1280,1180,1160,1150,1140,1270,1330,1290,1410,1460,1680,1660,1710,1790,1970,2120,2150,2260,2270,2240,2180,2450,2900,3160,3330,3540,3860,4070,4130,3990,4100,4160,4160,3960,3760,3520,3500,3340,3100
Turkey,TUR,"GNI per capita, Atlas method (current US$)",NY.GNP.PCAP.CD,,,,,,,,470,520,560,560,530,560,640,860,1110,1310,1410,1530,1820,1860,1860,1570,1400,1310,1310,1450,1740,1860,1920,2310,2590,2940,3140,2680,2850,2920,3190,3440,3590,4320,3580,3590,3950,5270,6820,7880,8950,9850,9640,10490,11310,11960,12600,12630,12030,11260,10970,10510,9690,9050
Tuvalu,TUV,"GNI per capita, Atlas method (current US$)",NY.GNP.PCAP.CD,,,,,,,,,,,,,,,,,,,,,,,,,,,,,,,,,,,,,,,,,,2710,3310,2490,3240,3630,3780,4500,4660,4830,4400,4730,4430,5560,4670,5440,5060,4810,5440,5620,5820
Tanzania,TZA,"GNI per capita, Atlas method (current US$)",NY.GNP.PCAP.CD,,,,,,,,,,,,,,,,,,,,,,,,,,,,,,,200,190,180,170,160,170,190,220,270,330,410,410,420,430,470,500,520,540,600,670,720,770,810,890,970,980,970,970,1030,1100,1080
Uganda,UGA,"GNI per capita, Atlas method (current US$)",NY.GNP.PCAP.CD,,,,,,,,,,,,,,,,,,,,,,,,,180,200,250,310,400,400,320,250,190,180,180,230,280,300,290,290,270,250,250,260,280,310,350,390,430,550,680,850,830,800,820,830,790,740,750,780,800
Ukraine,UKR,"GNI per capita, Atlas method (current US$)",NY.GNP.PCAP.CD,,,,,,,,,,,,,,,,,,,,,,,,,,,,,,1620,1610,2280,2090,1820,990,920,860,890,850,760,700,730,790,980,1270,1540,1950,2590,3210,2840,2980,3110,3500,3800,3560,2650,2310,2380,2800,3370,3540
Upper middle income,UMC,"GNI per capita, Atlas method (current US$)",NY.GNP.PCAP.CD,,,168.6647326,184.2360329,206.4358493,229.5531574,248.5248637,246.1954427,254.8759477,278.6423177,302.3907696,321.1331226,347.6814923,423.8422477,522.6707389,613.6475022,626.8830488,650.6209783,698.0824208,810.1900579,930.7555785,984.4243717,937.4834455,856.015677,857.5937398,876.4303742,924.7270452,1008.305954,1082.682335,1130.558692,1229.736325,1293.211232,1378.302749,1449.349067,1511.579651,1612.387855,1761.08952,1888.643428,1852.36993,1814.385433,1899.12977,1898.758971,1931.700721,2097.943653,2453.361169,2885.378964,3393.49945,4058.425001,4847.017304,5215.663644,5875.343059,6599.347288,7574.596819,8327.540345,8676.04534,8477.935457,8277.383991,8457.311297,9116.761114,9677.084756,9425.50344
Uruguay,URY,"GNI per capita, Atlas method (current US$)",NY.GNP.PCAP.CD,,,580,610,660,680,720,640,610,670,820,850,870,1060,1370,1620,1490,1420,1630,2150,2870,3650,3290,2190,1740,1510,1780,2210,2600,2730,2840,3180,3830,4350,5040,5530,6160,6970,7240,7260,7060,6500,5140,4250,4130,4720,5390,6390,7710,8810,10440,12060,13330,15330,15790,15620,15440,15920,17270,17740,15830
United States,USA,"GNI per capita, Atlas method (current US$)",NY.GNP.PCAP.CD,,,3280,3410,3610,3880,4190,4370,4740,5070,5230,5620,6280,7290,7980,8510,8960,9590,10760,12200,13380,14360,14220,14570,16210,17460,19110,21390,23490,23770,24060,24270,25680,26390,27650,29040,30270,31260,32020,33670,35960,36710,37320,39770,43510,46190,47870,48500,48980,47740,48990,50580,52760,53930,55840,56740,57270,59460,63510,65910,64530
Uzbekistan,UZB,"GNI per capita, Atlas method (current US$)",NY.GNP.PCAP.CD,,,,,,,,,,,,,,,,,,,,,,,,,,,,,,,,,600,590,570,580,600,610,620,650,630,560,450,420,460,530,610,770,980,1150,1390,1670,2040,2300,2470,2600,2650,2350,2020,1800,1670
St. Vincent and the Grenadines,VCT,"GNI per capita, Atlas method (current US$)",NY.GNP.PCAP.CD,,,180,160,170,180,180,170,190,190,210,220,300,310,340,370,390,460,560,710,830,960,1030,1090,1200,1330,1450,1660,1950,2030,2150,2200,2480,2710,2660,2890,3000,3070,3190,3310,3470,3650,3950,4380,4730,4960,5470,5910,6260,6320,6090,6130,6400,6550,6390,6560,6800,6990,7400,7460,7340
"Venezuela, RB",VEN,"GNI per capita, Atlas method (current US$)",NY.GNP.PCAP.CD,,,960,990,950,890,820,840,900,910,980,1010,1120,1340,1720,2140,2470,2600,2790,3180,3610,4100,4050,3780,3640,3520,3610,3350,3400,2560,2670,2690,2870,2850,2740,3040,3100,3470,3420,3570,4120,4600,3990,3490,4110,4980,6130,7630,9400,10380,11810,11980,12710,11970,13080,,,,,,
British Virgin Islands,VGB,"GNI per capita, Atlas method (current US$)",NY.GNP.PCAP.CD,,,,,,,,,,,,,,,,,,,,,,,,,,,,,,,,,,,,,,,,,,,,,,,,,,,,,,,,,,,,,
Virgin Islands (U.S.),VIR,"GNI per capita, Atlas method (current US$)",NY.GNP.PCAP.CD,,,,,,,,,,,,,,,,,,,,,,,,,,,,,,,,,,,,,,,,,,,,,,,,,,,,,,,,,,,,,
Vietnam,VNM,"GNI per capita, Atlas method (current US$)",NY.GNP.PCAP.CD,,,,,,,,,,,,,,,,,,,,,,,,,,,,,,210,130,110,130,160,190,250,300,330,340,360,410,430,450,500,580,630,720,840,980,1010,1250,1370,1540,1720,1880,1970,2080,2130,2380,2590,2660
Vanuatu,VUT,"GNI per capita, Atlas method (current US$)",NY.GNP.PCAP.CD,,,,,,,,,,,,,,,,,,,,,,940,840,800,900,930,980,890,990,1110,1240,1120,1150,1150,1210,1240,1330,1390,1450,1430,1430,1370,1230,1360,1590,1780,1990,2100,2460,2530,2600,2800,2830,3000,2970,2780,2750,2860,3110,3360,2780
World,WLD,"GNI per capita, Atlas method (current US$)",NY.GNP.PCAP.CD,,,479.9105261,506.6928316,542.8478717,584.3953111,626.8074431,653.8557443,701.8398,757.4751101,800.1578393,861.3305289,969.2245,1171.866823,1372.078858,1538.650691,1617.626538,1714.975771,1924.946532,2277.126088,2609.50852,2713.242558,2583.608972,2450.193932,2493.088668,2573.785542,2843.083419,3317.743556,3916.433225,4060.910909,4211.482264,4345.449159,4660.437992,4742.361359,4926.004375,5229.23223,5489.449724,5535.247116,5301.125857,5306.980401,5492.59941,5470.458304,5427.331025,5824.561657,6637.490089,7353.906362,7846.93136,8363.643118,8954.349453,8985.930109,9416.694252,9904.018205,10497.28258,10876.7997,10998.33054,10647.35609,10389.47206,10466.39892,11133.20425,11526.55624,11057.22842
Samoa,WSM,"GNI per capita, Atlas method (current US$)",NY.GNP.PCAP.CD,,,,,,,,,,,,,,,,,,,,,,,,,510,480,500,530,550,580,570,540,,,,,,,,,,,1520,1660,1990,2320,2560,2850,3060,3030,3240,3520,3660,3800,3820,3960,4110,4070,4030,4200,4070
Kosovo,XKX,"GNI per capita, Atlas method (current US$)",NY.GNP.PCAP.CD,,,,,,,,,,,,,,,,,,,,,,,,,,,,,,,,,,,,,,,,,,,,,1940,2270,2470,2690,3070,3290,3420,3640,3780,3960,4020,4010,3970,3960,4340,4690,4440
"Yemen, Rep.",YEM,"GNI per capita, Atlas method (current US$)",NY.GNP.PCAP.CD,,,,,,,,,,,,,,,,,,,,,,,,,,,,,,,,,510,460,380,320,300,330,370,380,430,480,520,550,610,700,810,890,1010,1100,1200,1080,1260,1440,1460,1200,1150,1070,940,,
South Africa,ZAF,"GNI per capita, Atlas method (current US$)",NY.GNP.PCAP.CD,,,460,490,520,560,590,650,690,740,800,870,920,1110,1400,1610,1560,1500,1610,1940,2500,2880,2770,2520,2460,2130,1990,2210,2670,2830,2860,3000,3250,3380,3510,3640,3660,3600,3230,3130,3070,2860,2670,2920,3720,4990,5630,5910,5980,5850,6190,6990,7570,7350,6760,6050,5470,5410,5750,6040,5410
Zambia,ZMB,"GNI per capita, Atlas method (current US$)",NY.GNP.PCAP.CD,,,190,190,210,270,280,330,370,410,450,440,440,450,580,590,570,500,490,510,610,690,610,500,420,340,250,260,330,400,430,390,360,380,350,380,400,400,360,350,330,350,360,410,460,560,720,900,1180,1280,1340,1420,1690,1760,1800,1580,1370,1300,1440,1430,1190
Zimbabwe,ZWE,"GNI per capita, Atlas method (current US$)",NY.GNP.PCAP.CD,,,270,270,260,280,280,300,300,340,400,410,450,530,670,730,710,650,650,730,900,1060,1040,960,830,740,690,700,810,840,860,850,700,640,630,620,690,700,620,570,510,540,490,440,450,460,440,420,330,420,630,920,1110,1210,1260,1280,1290,1390,1410,1200,1090